Architecture,Memory_MB,Workers,Stage,Example,Executions,Compute_Time_s,Energy_J,Cost_dollars
x86,512,4,stage3,ml,10,3.854360580444336,1029.7267620104792,0.12850438175201415
x86,512,5,stage3,ml,10,3.933221459388733,1298.4505876181126,0.16391700432002546
x86,512,6,stage3,ml,10,4.007861638069153,1580.5625573000907,0.20043316051983837
x86,512,7,stage3,ml,10,4.059470558166504,1827.1344615828511,0.23684980971622474
x86,512,8,stage3,ml,10,4.112745451927185,2162.8212381677627,0.27423786673450473
x86,512,9,stage3,ml,10,4.195767736434936,2465.8415767883776,0.31474551674866674
x86,512,10,stage3,ml,10,4.308981823921203,2872.8518030653,0.35915363502383235
x86,512,12,stage3,ml,10,4.424480009078979,3451.7387515148166,0.4425364905080795
x86,512,16,stage3,ml,9,4.81985608736674,4542.98178071679,0.6427760078112286
x86,512,20,stage3,ml,9,5.051013496186998,5851.911018724972,0.8420039498143727
x86,512,24,stage3,ml,10,5.574599719047546,7819.685745776366,1.1151429277982712
x86,512,28,stage3,ml,10,5.55474967956543,8631.968920514108,1.29636748021698
x86,512,4,stage0,video,7,122.5113367012569,10098.136379956384,4.084527965619905
x86,512,5,stage0,video,7,124.75470181873867,13086.057167566843,5.199152198295934
x86,512,6,stage0,video,8,141.26577338576317,17039.686913133504,7.064701327022017
x86,512,7,stage0,video,8,137.0710137784481,19956.62031659636,7.997408298903555
x86,512,8,stage0,video,8,140.88722693920135,22279.767979576354,9.394360292305947
x86,512,9,stage0,video,8,141.27687573432922,26971.552865030048,10.597884833210706
x86,512,10,stage0,video,7,147.34040996006556,29897.895878099705,12.280823170171466
x86,512,12,stage0,video,7,145.36466349874223,34941.465790395596,14.539373643144199
x86,512,16,stage0,video,8,140.72875586152077,49135.62259821414,18.76758688169241
x86,512,20,stage0,video,8,136.7704881131649,58608.41626635431,22.79964036846459
x86,512,24,stage0,video,8,143.40992215275764,75061.2056026783,28.687720827437644
x86,512,28,stage0,video,8,132.88631439208984,81969.38614264417,31.013008052825928
ARM,2048,4,stage,pi,10,33.07968195080757,1761.700212322474,3.5302636577901834
ARM,2048,5,stage,pi,10,26.425334572792053,1778.110843367576,3.5251396320104598
ARM,2048,6,stage,pi,10,21.959234444300332,1836.9892789220812,3.5152342498435964
ARM,2048,7,stage,pi,10,18.79253443309239,1877.4230048060415,3.5096937307243343
ARM,2048,8,stage,pi,10,16.520871248841285,1903.7526035475728,3.526214759352684
ARM,2048,9,stage,pi,10,14.662270140647887,1914.8355160212518,3.5207043061723704
ARM,2048,10,stage,pi,10,13.208654475212096,1987.0656715250016,3.5240690139865873
ARM,2048,12,stage,pi,10,10.978002085288365,2064.0741508674623,3.5147171476259222
ARM,2048,16,stage,pi,10,8.213742268085479,2215.5674924099435,3.506282299400329
ARM,2048,20,stage,pi,10,6.613244588375092,2315.455883636475,3.528827312356949
ARM,2048,24,stage,pi,10,5.44068411787351,2534.333627589942,3.4837788543567663
ARM,2048,28,stage,pi,10,4.650761858906065,2707.795774952172,3.4743051390771864
ARM,512,4,stage0,ml,16,5.870146298270507,644.6762492868627,0.1566155032378571
ARM,512,5,stage0,ml,16,5.691862250878313,787.3213809294527,0.18982360606679174
ARM,512,6,stage0,ml,16,5.5659046577082085,957.8790947682714,0.22274750440148247
ARM,512,7,stage0,ml,16,5.5609128818370674,1137.55316017646,0.25963902245297266
ARM,512,8,stage0,ml,16,5.592642024472445,1283.8171227148819,0.29842337842584965
ARM,512,9,stage0,ml,18,5.5492852071949255,1420.9200420907073,0.3331235909879114
ARM,512,10,stage0,ml,16,5.683189527530981,1613.7850063084554,0.3790687414863165
ARM,512,12,stage0,ml,18,5.730476168968892,1930.4249187828368,0.45866731256427007
ARM,512,16,stage0,ml,16,5.7938638676412095,2659.9800808379564,0.6183211519546699
ARM,512,20,stage0,ml,20,5.576064325721736,3265.766400805697,0.7438469810512797
ARM,512,24,stage0,ml,16,5.736800393876761,4079.057718512399,0.9183470070517918
ARM,512,28,stage0,ml,16,5.6212280916603525,4508.0632903786745,1.0498205583984872
ARM,1024,4,stage1,ml,12,45.26633008088455,5578.815039720837,2.4154113731159996
ARM,1024,5,stage1,ml,12,44.93753927714534,6878.330292646555,2.997333869785594
ARM,1024,6,stage1,ml,12,44.8774200094958,8284.243316873031,3.5919886975600437
ARM,1024,7,stage1,ml,12,44.99216420876186,9686.556779638182,4.201368293814182
ARM,1024,8,stage1,ml,24,44.967517081540926,11060.408146101097,4.7989334229420475
ARM,1024,9,stage1,ml,24,45.06582011337852,12422.459840752388,5.4106023628122255
ARM,1024,10,stage1,ml,24,45.30356394946018,13921.04127568889,6.043495430857987
ARM,1024,12,stage1,ml,12,45.15889807838919,16609.36964414299,7.229036404388541
ARM,1024,16,stage1,ml,18,45.3226064110344,22263.197863250603,9.673657112371183
ARM,1024,20,stage1,ml,20,45.496021780197715,27913.32894639576,12.13833861095675
ARM,1024,24,stage1,ml,17,45.33982665497635,33404.28183788168,14.515998901857227
ARM,1024,28,stage1,ml,20,45.26740698887911,38993.84150538412,16.908281858486127
ARM,1024,4,stage3,video,8,13.405992776155472,1964.0287887215613,0.7153437745356559
ARM,1024,5,stage3,video,13,13.411843850062443,2457.4862177922173,0.8945699847991648
ARM,1024,6,stage3,video,12,12.32038414478302,2750.219770783186,0.986123546948433
ARM,1024,7,stage3,video,12,11.986460149288177,3111.6778670410313,1.1192956487405301
ARM,1024,8,stage3,video,11,10.420346715233542,3156.924468387257,1.1120594014497236
ARM,1024,9,stage3,video,11,15.164694265885787,4933.21776036566,1.8206731935622475
ARM,1024,10,stage3,video,13,19.736966059758114,7038.654096530034,2.6329112723717323
ARM,1024,12,stage3,video,15,19.724721511205036,8303.335447149277,3.157533419513702
ARM,1024,16,stage3,video,14,14.572309817586627,8423.075583485195,3.1103138074656895
ARM,1024,20,stage3,video,15,13.992217985788981,10223.281293090187,3.7331237586085
ARM,1024,24,stage3,video,13,14.17143757526691,12355.164165621536,4.537127454097455
ARM,1024,28,stage3,video,15,16.709508832295736,16556.90299529076,6.241335739039103
x86,1024,4,stage2,video,10,0.5416481852531433,713.8126789953232,0.0361171009926796
x86,1024,5,stage2,video,9,0.3560924688975016,770.6071681654186,0.029680307282606764
x86,1024,6,stage2,video,9,0.2963844626038163,893.6926687176756,0.029644373949633707
x86,1024,7,stage2,video,9,0.2528893569159129,1033.5111311207352,0.02950965905851788
x86,1024,8,stage2,video,10,0.22108688354492187,1154.7435943289995,0.02948414678955078
x86,1024,9,stage2,video,11,0.20385505213881983,1270.1312107214276,0.03058437347238714
x86,1024,10,stage2,video,12,0.18009088039398194,1402.235674007654,0.03002114976167679
x86,1024,12,stage2,video,11,0.1447154933756048,1665.2872157896863,0.028948887294855986
x86,1024,16,stage2,video,12,0.11218484863638878,2180.159607012728,0.029921942828297618
x86,1024,20,stage2,video,13,0.07852153319578904,2633.991147629389,0.026179079167476065
x86,1024,24,stage2,video,12,0.07166472325722377,3263.2216766130114,0.028671622480750086
x86,1024,28,stage2,video,14,0.2184536061724838,3673.294290666462,0.10196540521706855
x86,1024,4,stage0,ml,10,2.8865458965301514,1213.952905926609,0.1924748803806305
x86,1024,5,stage0,ml,10,2.8967915773391724,1490.9934790731668,0.24144757797122002
x86,1024,6,stage0,ml,10,2.96238911151886,1804.2727098361015,0.2962981589341164
x86,1024,7,stage0,ml,10,2.9064040184020996,2157.2633806397916,0.33914828490734106
x86,1024,8,stage0,ml,10,2.978647804260254,2453.0655348501205,0.3972324711761475
x86,1024,9,stage0,ml,10,3.0153785228729246,2675.7013430775396,0.4523972397866249
x86,1024,10,stage0,ml,10,2.9220870971679687,2970.3194733183386,0.4871119190979004
x86,1024,12,stage0,ml,10,2.9515037059783937,3784.093037224102,0.590418801343918
x86,1024,16,stage0,ml,10,3.03133111000061,5031.035109745026,0.8085166336593629
x86,1024,20,stage0,ml,10,3.0300745964050293,6032.781586853981,1.010226870441437
x86,1024,24,stage0,ml,10,3.133161473274231,7460.552147731591,1.2535152422275542
x86,1024,28,stage0,ml,10,2.9055173635482787,8369.533800554465,1.3561792846097949
ARM,512,4,stage3,video,8,29.00318080186844,1961.1131668806074,0.7738048637938499
ARM,512,5,stage3,video,7,29.91769882610866,2510.9003069571086,0.9977552558507238
ARM,512,6,stage3,video,7,23.802194595336914,2484.8582732370924,0.9525638277053832
ARM,512,7,stage3,video,8,23.76241335272789,2883.617690359056,1.109467079438865
ARM,512,8,stage3,video,8,23.886302828788757,3315.0571428179737,1.274573118944168
ARM,512,9,stage3,video,8,23.74680069088936,3667.361605967581,1.4255204454740882
ARM,512,10,stage3,video,8,23.721339643001556,4059.4880682677035,1.5822133541882037
ARM,512,12,stage3,video,8,23.74305123090744,4871.9431174099445,1.9003938205218314
ARM,512,16,stage3,video,8,38.20590651035309,9992.579979681968,4.077334342784881
ARM,512,20,stage3,video,7,27.147393941879272,9243.750801188606,3.6214623518466946
ARM,512,24,stage3,video,7,23.719474179404124,9827.993617834363,3.7970134266390114
ARM,512,28,stage3,video,8,26.81470164656639,12744.120542949438,5.007913679512739
ARM,1024,4,stage,titanic,8,63.77793858200312,7860.9079107001435,3.403190802735686
ARM,1024,5,stage,titanic,8,48.221961772441865,7582.023119585216,3.216404850221872
ARM,1024,6,stage,titanic,8,37.94128341476122,7302.452557574212,3.0368203245174885
ARM,1024,7,stage,titanic,9,31.720780421817114,7253.808443085351,2.9620864757892815
ARM,1024,8,stage,titanic,9,26.841130395730335,7177.109066882396,2.864485435832341
ARM,1024,9,stage,titanic,9,23.1667071742776,7138.375916600226,2.7813948633437686
ARM,1024,10,stage,titanic,9,20.629433523284064,7140.126140564016,2.751966432006094
ARM,1024,12,stage,titanic,9,16.504764828417038,7156.9881679773325,2.6420827537329994
ARM,1024,16,stage,titanic,8,11.78282055258751,7433.196524925532,2.5149252187442777
ARM,1024,20,stage,titanic,9,9.13997180726793,7751.553341309232,2.4385444781790837
ARM,1024,24,stage,titanic,9,7.3711497485637665,7922.141279804706,2.3599473035001752
ARM,1024,28,stage,titanic,9,6.262075244434296,8554.230767623583,2.339010345301098
ARM,1024,4,stage0,video,8,88.12997603416443,8435.131574887038,4.702615521183014
ARM,1024,5,stage0,video,13,87.79453479326688,10492.939544929908,5.8558954707109
ARM,1024,6,stage0,video,12,88.07013710339864,12607.954306024312,7.049133773756027
ARM,1024,7,stage0,video,12,87.93026987711589,14637.405680833257,8.210928601125081
ARM,1024,8,stage0,video,11,87.98323178291321,16751.329274715077,9.389570495872498
ARM,1024,9,stage0,video,11,87.65903741663152,18800.704475400667,10.52434403224078
ARM,1024,10,stage0,video,13,88.02662776066707,20989.76175857507,11.742752143272986
ARM,1024,12,stage0,video,15,87.695627450943,25129.14217464447,14.038316042346954
ARM,1024,16,stage0,video,14,87.87603783607483,33518.898550946375,18.75626151573181
ARM,1024,20,stage0,video,15,87.69560852050782,41796.11755741437,23.397188353271485
ARM,1024,24,stage0,video,13,87.49807893312894,49816.843691341695,28.013384951230563
ARM,1024,28,stage0,video,15,87.79853088061014,58630.80333965621,32.794507254525506
ARM,1024,4,stage2,ml,12,2.755187837483513,729.5553501704828,0.14701682300812025
ARM,1024,5,stage2,ml,12,2.8042991377694046,943.8982910919061,0.1870467524892193
ARM,1024,6,stage2,ml,12,2.8358766622114078,1170.02085487851,0.22698356804340106
ARM,1024,7,stage2,ml,12,2.7583558145777327,1364.7369635094403,0.25757526596526864
ARM,1024,8,stage2,ml,24,2.784696423558419,1587.647365736664,0.29718280232215444
ARM,1024,9,stage2,ml,24,2.815209024695371,1827.3832360540418,0.3379939955049262
ARM,1024,10,stage2,ml,24,2.8679309788124643,2122.9898110611093,0.38258199257358266
ARM,1024,12,stage2,ml,12,2.825322596220686,2589.7157612595956,0.45227764120300734
ARM,1024,16,stage2,ml,18,2.825107190217001,3692.4682272201594,0.6029908786799166
ARM,1024,20,stage2,ml,20,3.394527031710914,6033.6137923078795,0.9056598120604719
ARM,1024,24,stage2,ml,17,3.0279756238767197,6756.823995256537,0.9694366757403704
ARM,1024,28,stage2,ml,20,2.8178724967827806,7614.609249877403,1.052531734998304
x86,512,4,stage,pi,10,53.140412390232086,3232.52912268002,1.771701349090338
x86,512,5,stage,pi,10,42.43611278057099,3333.698829386758,1.7685250001302961
x86,512,6,stage,pi,10,35.41922363042831,3428.9923803459405,1.7713153737577199
x86,512,7,stage,pi,10,30.340210883957997,3509.081593747711,1.7701996040245296
x86,512,8,stage,pi,10,26.397926771640776,3489.133440256881,1.7602137571330072
x86,512,9,stage,pi,10,23.436407714419893,3609.725128955866,1.7580821246972083
x86,512,10,stage,pi,10,21.05917219400406,3637.3890088623757,1.7552820023702385
x86,512,12,stage,pi,10,17.35174418091774,3766.2970831364883,1.7355214529753926
x86,512,16,stage,pi,10,12.962424086034298,3946.6694276786575,1.7286688761135343
x86,512,20,stage,pi,10,10.588766697645188,4364.226086234404,1.7651474084974528
x86,512,24,stage,pi,10,8.59675386250019,4468.224990237239,1.7196946426545383
x86,512,28,stage,pi,10,7.380298542124884,4773.538915427378,1.7224140737611058
x86,512,12,stage,titanic,17,37.63165360922907,12975.552425642165,3.7639179939950917
x86,512,16,stage,titanic,17,26.614789976793176,13257.055622775686,3.5493483913051382
x86,512,20,stage,titanic,17,20.419353213029748,13509.863263224881,3.4039061806120596
x86,512,24,stage,titanic,17,16.204002355828006,13692.472355970258,3.2414486312598343
x86,512,28,stage,titanic,17,13.64897928869023,14484.682126306572,3.185398786394526
x86,1024,4,stage3,ml,10,1.8791247606277466,1038.819906000805,0.12530003903865813
x86,1024,5,stage3,ml,10,1.9093313932418823,1311.8649168742895,0.1591427716267109
x86,1024,6,stage3,ml,10,1.9673075199127197,1563.6293320168018,0.1967700981416702
x86,1024,7,stage3,ml,10,2.039276623725891,1825.1270010601756,0.23796318922257423
x86,1024,8,stage3,ml,10,2.0458600759506225,2140.562186518097,0.27283589972877503
x86,1024,9,stage3,ml,10,2.151179575920105,2375.94118173809,0.32274147177529333
x86,1024,10,stage3,ml,10,2.2297837495803834,2580.476870572091,0.3717049510550499
x86,1024,12,stage3,ml,10,2.2791232109069823,3180.9130171717643,0.4559158071098327
x86,1024,16,stage3,ml,10,2.479843187332153,4746.9604908638,0.6614237749252319
x86,1024,20,stage3,ml,10,2.5821465730667112,6016.669954762934,0.8608876674604417
x86,1024,24,stage3,ml,10,2.810562539100647,7189.1704562553405,1.1244498606433866
x86,1024,28,stage3,ml,10,2.9133142471313476,8850.868978516673,1.359818557991028
x86,1024,4,stage1,video,10,9.40350604057312,2226.250847585559,0.6270257827854158
x86,1024,5,stage1,video,9,6.786352909935845,2209.4649139514236,0.5656425150431527
x86,1024,6,stage1,video,9,5.642215154789112,2348.5030751931135,0.5643343597820071
x86,1024,7,stage1,video,9,4.835886240005493,2520.132843857605,0.564299565346241
x86,1024,8,stage1,video,10,4.240519177913666,2649.3139570292237,0.5655156375665665
x86,1024,9,stage1,video,11,3.7602428378480854,2797.1391886767256,0.5641492329623483
x86,1024,10,stage1,video,12,3.3650089065233866,2956.160719514171,0.5609469847174485
x86,1024,12,stage1,video,11,2.831050253275669,3272.5745283743045,0.5663232926652648
x86,1024,16,stage1,video,12,2.1242629711826644,3844.4424481439596,0.5665834196738403
x86,1024,20,stage1,video,13,1.6296877136597268,4279.839240221816,0.5433378837341529
x86,1024,24,stage1,video,12,1.4546859396828546,5033.747869511904,0.5819907507483165
x86,1024,28,stage1,video,14,1.3103532377554445,5883.6422660069975,0.6116204772547313
ARM,512,4,stage1,ml,16,68.93501050134499,4120.811108032829,1.8391860801758841
ARM,512,5,stage1,ml,16,92.44330990816647,6799.328721409134,3.0829843854373515
ARM,512,6,stage1,ml,16,92.41097583659814,8120.160791788414,3.6982872529806574
ARM,512,7,stage1,ml,16,91.44922753230519,9379.794307443062,4.26976443348333
ARM,512,8,stage1,ml,16,91.82554010154774,10748.576990954194,4.899810819818588
ARM,512,9,stage1,ml,18,91.09861209136525,12067.015218885892,5.4686496838446566
ARM,512,10,stage1,ml,16,92.0771535578406,13533.211610922288,6.141546142307968
ARM,512,12,stage1,ml,18,92.39168540014322,16179.077989344885,7.395030499427462
ARM,512,16,stage1,ml,16,92.03380763636213,21505.429276170533,9.821847950952565
ARM,512,20,stage1,ml,20,92.7340932581568,27085.356729544437,12.370728040638117
ARM,512,24,stage1,ml,16,91.4792188612732,32069.32759507133,14.643993355312613
ARM,512,28,stage1,ml,16,91.95458778776732,37655.36654853678,17.173438815243426
x86,2048,4,stage1,ml,13,38.114929341352905,11721.26360046724,5.0830069769628246
x86,2048,5,stage1,ml,14,37.72668161392212,14620.284818575448,6.289037825040817
x86,2048,6,stage1,ml,13,37.13630026731736,17138.261746903103,7.428745505474166
x86,2048,7,stage1,ml,14,36.701650186460846,19812.559568881945,8.565431120516234
x86,2048,8,stage1,ml,15,35.92267435590426,22538.463977085878,9.581295704206784
x86,2048,9,stage1,ml,14,35.30431202479771,25285.707484266157,10.593411866160801
x86,2048,10,stage1,ml,14,34.32678203923361,27570.846401436655,11.444549131880487
x86,2048,12,stage1,ml,15,33.84936047130161,33390.0657236581,13.542452137358348
x86,2048,16,stage1,ml,15,32.26052048802376,44558.68420402838,17.209052049131397
x86,2048,20,stage1,ml,15,31.315170685450237,55579.15806406884,20.880955813058222
x86,2048,24,stage1,ml,13,31.26378067334493,66519.63572837977,25.01602674358368
x86,2048,28,stage1,ml,14,30.762776808471095,78052.28368142381,28.717667406243937
x86,2048,4,stage3,video,8,8.761248409748077,3343.244331251025,1.1684000879240037
x86,2048,5,stage3,video,8,8.54958114027977,4045.9056544667483,1.4252151760846379
x86,2048,6,stage3,video,8,8.115664720535278,5188.10510809511,1.6234575706958774
x86,2048,7,stage3,video,8,8.657639920711517,5988.496610022127,2.020520004695654
x86,2048,8,stage3,video,8,9.165204614400864,6706.73989434266,2.4445433747529988
x86,2048,9,stage3,video,8,8.756337136030197,7830.391406855732,2.627426521037221
x86,2048,10,stage3,video,8,8.839065700769424,8797.16130675614,2.9469445046365266
x86,2048,12,stage3,video,9,7.836142248577541,9934.255755720456,3.1350837908109033
x86,2048,16,stage3,video,8,7.934614300727844,13738.658505681513,4.232640652580262
x86,2048,20,stage3,video,8,8.125719100236893,17304.585939798355,5.418229496037961
x86,2048,24,stage3,video,8,7.619480133056641,21408.027668120383,6.096803223266602
x86,2048,28,stage3,video,8,7.645205140113831,24728.95638979113,7.136951902399064
ARM,2048,4,stage2,video,11,0.3936150074005127,428.7963200991802,0.04200659358978271
ARM,2048,5,stage2,video,12,0.4835575540860494,663.7690611124036,0.06450657771507898
ARM,2048,6,stage2,video,10,0.31390703121821084,642.9639641928669,0.05025023755741119
ARM,2048,7,stage2,video,9,0.22380221836150638,663.0396919104785,0.04179730230119493
ARM,2048,8,stage2,video,13,0.3340630393761855,898.3752553646383,0.07130241512445303
ARM,2048,9,stage2,video,10,0.209484953350491,902.0340372669697,0.0503015269985199
ARM,2048,10,stage2,video,9,0.22564338578118218,1101.4230666187073,0.060201655326419405
ARM,2048,12,stage2,video,9,0.1323921040252403,1047.817135565811,0.042386656024720935
ARM,2048,16,stage2,video,12,0.11679045607646306,1480.4435587127998,0.049855509889920546
ARM,2048,20,stage2,video,11,0.09396783221851696,1806.927263772487,0.050141235271800644
ARM,2048,24,stage2,video,10,0.06693370838960012,1965.9281025397772,0.04285899215602875
ARM,2048,28,stage2,video,11,0.08470000384689925,2341.706581762704,0.06327429087378761
ARM,512,4,stage2,video,8,1.6696255877614021,458.6617612108589,0.04454561068147421
ARM,512,5,stage2,video,7,1.3815904004233224,549.5473748496601,0.046076039854117797
ARM,512,6,stage2,video,7,0.9085012617565337,561.3215263758386,0.036358220495496474
ARM,512,7,stage2,video,8,0.771915682724544,621.254677531123,0.03604074322640896
ARM,512,8,stage2,video,8,0.68055459856987,698.1911499977111,0.03631439337968826
ARM,512,9,stage2,video,8,0.5968646539582146,749.9179932475092,0.03582978517711162
ARM,512,10,stage2,video,8,0.5373037070035934,829.8299351006749,0.03583815725713968
ARM,512,12,stage2,video,8,0.44654850165049237,951.867426240444,0.035741742072105405
ARM,512,16,stage2,video,8,0.5406123772263527,1638.1250422343608,0.05769415289759636
ARM,512,20,stage2,video,7,0.3081545472145081,1616.750654739993,0.04110781659841537
ARM,512,24,stage2,video,7,0.22071904085931324,1870.3402608888482,0.035332704060758856
ARM,512,28,stage2,video,8,0.21616090408393315,2181.749679133296,0.040370210446715356
ARM,2048,4,stage0,ml,19,1.6183748290960072,829.8257446589897,0.17271296176112585
ARM,2048,5,stage0,ml,19,1.5975279545890824,1035.3442053739784,0.21311022914218358
ARM,2048,6,stage0,ml,17,1.64102938574662,1281.5017941648227,0.2626959840703189
ARM,2048,7,stage0,ml,22,1.5854134282852486,1484.9741975386175,0.296091811866553
ARM,2048,8,stage0,ml,10,1.5935732979187756,1686.038024835512,0.34013228470778345
ARM,2048,9,stage0,ml,13,1.5893060699155284,1884.755927373907,0.3816241735081166
ARM,2048,10,stage0,ml,15,1.6364124129073079,2104.9724836010073,0.43659483176366976
ARM,2048,12,stage0,ml,16,1.571419396068874,2483.933098961653,0.5031056338454106
ARM,2048,16,stage0,ml,12,1.6196675901291198,3340.7974746777363,0.6914037008743186
ARM,2048,20,stage0,ml,24,1.5968638001106363,4181.63244968184,0.8520865237390355
ARM,2048,24,stage0,ml,15,1.666155479010006,5014.124669433687,1.066872676319687
ARM,2048,28,stage0,ml,14,1.6042173657622212,6292.344277082242,1.1984145409190097
x86,2048,4,stage,titanic,10,46.18901126384735,13562.09824219401,6.159766542146683
x86,2048,5,stage,titanic,10,34.69965172290802,13277.365587932518,5.7844319422087676
x86,2048,6,stage,titanic,10,26.86113052368164,12787.244293096068,5.373300549957276
x86,2048,7,stage,titanic,10,22.659559093202862,12556.69839323843,5.288287901171684
x86,2048,8,stage,titanic,10,19.09744275510311,12582.467090517332,5.093669931641102
x86,2048,9,stage,titanic,10,16.33102467589908,12465.403881416485,4.900287264250278
x86,2048,10,stage,titanic,10,14.258900482654571,12477.683365247583,4.753917420917034
x86,2048,12,stage,titanic,10,11.048948832352956,12437.487330541977,4.420463448847771
x86,2048,16,stage,titanic,10,7.67659285068512,13062.336379541324,4.095001690269471
x86,2048,20,stage,titanic,10,5.867799799442292,13735.846076657015,3.912648906268121
x86,2048,24,stage,titanic,10,4.640465543667475,14071.450330239657,3.713114909420968
x86,2048,28,stage,titanic,10,3.9432177816118514,15541.315013491234,3.6810726634902964
x86,512,4,stage2,ml,10,5.994594120979309,1323.2703795721532,0.1998597679934502
x86,512,5,stage2,ml,10,5.95509970664978,1672.5724550551417,0.2481787802746296
x86,512,6,stage2,ml,10,5.942490895589192,2022.990882044053,0.2971839696884156
x86,512,7,stage2,ml,10,5.91912009034838,2367.4174627188686,0.34535106167137625
x86,512,8,stage2,ml,10,6.033917912840844,2808.242057985711,0.40234164642822745
x86,512,9,stage2,ml,10,5.935844935311211,3292.207270565582,0.44527740782237046
x86,512,10,stage2,ml,10,6.080690476894379,3639.527344082927,0.5068255512491465
x86,512,12,stage2,ml,10,5.90810754497846,4476.46359680481,0.5909289166487456
x86,512,16,stage2,ml,9,5.871593723694484,6352.190449941822,0.7830357389918964
x86,512,20,stage2,ml,9,5.807324229346381,8292.608149847485,0.9680809490320418
x86,512,24,stage2,ml,10,5.812359029054642,10544.883381786112,1.162704300172091
x86,512,28,stage2,ml,10,5.8268744673047745,12890.629564281851,1.3598759631795883
x86,512,4,stage1,video,7,15.969448787825447,1990.6531379760338,0.5324214225861005
x86,512,5,stage1,video,7,12.893823160443986,2071.459652317524,0.5373500802115031
x86,512,6,stage1,video,8,10.828349843621254,2227.580212637722,0.541525775679499
x86,512,7,stage1,video,8,9.29911010180201,2384.6188980912275,0.5425565788896382
x86,512,8,stage1,video,8,8.201494563370943,2539.545503305852,0.5468756574855745
x86,512,9,stage1,video,8,7.336528387334612,2683.8222128835623,0.5503496769759059
x86,512,10,stage1,video,7,6.612675632749285,2786.1764811168396,0.551166513989653
x86,512,12,stage1,video,7,5.544069292999449,3046.7348987522446,0.554517810685805
x86,512,16,stage1,video,8,4.22388076223433,3733.628028386115,0.5632967384515704
x86,512,20,stage1,video,8,3.4475102230906485,4201.121392103674,0.5746999541892112
x86,512,24,stage1,video,8,2.9263797874252,4903.640691685794,0.585393012676537
x86,512,28,stage1,video,8,2.551493382879666,5437.7214418686635,0.5954675256964564
x86,1024,4,stage,pi,10,40.29045196175575,3441.2241938454154,2.686567336809874
x86,1024,5,stage,pi,10,32.21443319797516,3451.40935383532,2.68507300705123
x86,1024,6,stage,pi,10,26.72026489575704,3468.3465665481563,2.6725608948736195
x86,1024,7,stage,pi,10,22.758401795795987,3496.7728356765274,2.655677905551434
x86,1024,8,stage,pi,10,19.97549352645874,3486.525648802707,2.663931816688538
x86,1024,9,stage,pi,10,17.683616065979002,3548.664234399295,2.65307291837883
x86,1024,10,stage,pi,10,15.899872717857361,3576.580256441426,2.6505087820668223
x86,1024,12,stage,pi,10,13.144797082742055,3666.025419510771,2.6294852084317206
x86,1024,16,stage,pi,10,9.791822101175786,3859.178218940043,2.611674790825606
x86,1024,20,stage,pi,10,7.878287527561188,4192.043252072142,2.6266210616889
x86,1024,24,stage,pi,10,6.461814176042875,4398.00524500871,2.5852426155512336
x86,1024,28,stage,pi,10,5.519965119872775,4651.983444575523,2.576498919351817
x86,2048,4,stage0,video,8,42.15748178958893,12754.717013401028,5.62212177145958
x86,2048,5,stage0,video,8,38.87210550904274,17293.726040160804,6.4799799883574245
x86,2048,6,stage0,video,8,40.645578026771545,19293.81510298741,8.13074142847538
x86,2048,7,stage0,video,8,44.01278659701347,22187.47197594264,10.271704136011007
x86,2048,8,stage0,video,8,41.030883967876434,26461.042609240525,10.943757371912003
x86,2048,9,stage0,video,8,41.165538519620895,29773.60923996824,12.352131488197447
x86,2048,10,stage0,video,8,40.40676525235176,32587.689406063262,13.47161553513408
x86,2048,12,stage0,video,9,34.22124099731445,36972.15819091574,13.691234098205568
x86,2048,16,stage0,video,8,38.86286959052086,55472.94958638191,20.73100915436745
x86,2048,20,stage0,video,8,36.360018610954285,72302.22813994109,24.244860409784316
x86,2048,24,stage0,video,8,36.64630380272865,89353.95412183784,29.32290645079136
x86,2048,28,stage0,video,8,41.628512024879456,96168.80379493332,38.86104854546547
x86,2048,4,stage2,ml,13,1.9190819080059345,1358.3807774367149,0.25592876325167147
x86,2048,5,stage2,ml,14,1.8861471108027867,1730.4723770733217,0.3144207233708246
x86,2048,6,stage2,ml,13,1.8868216673533122,2057.4262639940343,0.37743980633735663
x86,2048,7,stage2,ml,14,1.8490820247299817,2399.2873209383642,0.4315387629314832
x86,2048,8,stage2,ml,15,1.8472521742184957,2772.2185073880355,0.4926990999075572
x86,2048,9,stage2,ml,14,1.818738961976672,3193.182603229011,0.5457308129307202
x86,2048,10,stage2,ml,14,1.8238087943622043,3555.784090945263,0.608057852040359
x86,2048,12,stage2,ml,15,1.7888857536845737,4473.551643422109,0.7156974123341242
x86,2048,16,stage2,ml,15,1.7156648457050323,6313.820994833535,0.9152042552928925
x86,2048,20,stage2,ml,15,1.6767485944430034,8315.388201832446,1.1180559627745947
x86,2048,24,stage2,ml,13,1.6875710028868456,10514.21857565773,1.3503268136699385
x86,2048,28,stage2,ml,14,1.666737975514665,12931.74332172309,1.5559332349024504
ARM,2048,4,stage3,ml,19,1.1010069901312192,715.6922991031728,0.1174994659868037
ARM,2048,5,stage3,ml,19,1.0962008746054115,885.0254315340355,0.1462331966723619
ARM,2048,6,stage3,ml,17,1.1326084948450388,1076.3972025535463,0.18130796785479378
ARM,2048,7,stage3,ml,22,1.1673718260962866,1250.3551048441846,0.2180183622417425
ARM,2048,8,stage3,ml,10,1.1438978848864287,1410.472935544701,0.24415356455015932
ARM,2048,9,stage3,ml,13,1.180811888821121,1592.8267021554987,0.2835365507437276
ARM,2048,10,stage3,ml,15,1.2949139851785865,1843.9203716798365,0.3454830512456469
ARM,2048,12,stage3,ml,16,1.2566378258754602,2161.8278623549727,0.4023251663322873
ARM,2048,16,stage3,ml,12,1.3609618725493142,2920.7583739923302,0.5809674041538513
ARM,2048,20,stage3,ml,24,1.3706697679946405,3854.186450979018,0.7313893882019401
ARM,2048,24,stage3,ml,11,1.5661722934604483,4798.79882460654,1.0028514429485942
ARM,2048,28,stage3,ml,10,1.540043957749304,5741.894670721366,1.15047443819704
ARM,2048,4,stage1,video,11,4.162434339523315,1224.0946158073166,0.4442149927139282
ARM,2048,5,stage1,video,12,4.142820771535238,1571.709276036422,0.5526522909228007
ARM,2048,6,stage1,video,10,3.0598387479782105,1509.2816493439675,0.489818986776352
ARM,2048,7,stage1,video,9,2.3847965929243298,1493.7441569182608,0.4453846116945478
ARM,2048,8,stage1,video,13,2.4264979660511017,1766.3825424946272,0.5179117258739472
ARM,2048,9,stage1,video,10,2.054611333211263,1790.1623753046995,0.49335327333068846
ARM,2048,10,stage1,video,9,2.0426853312386406,2020.806776518291,0.5449884463744693
ARM,2048,12,stage1,video,9,1.4183694830647222,1941.2453580750357,0.4541051736980014
ARM,2048,16,stage1,video,12,1.1534463117520015,2393.2010927756637,0.4923831615606944
ARM,2048,20,stage1,video,11,0.9456932533871044,2761.3737353173155,0.5046219200073588
ARM,2048,24,stage1,video,10,0.7343060155709584,2969.4274338221553,0.4701908278903961
ARM,2048,28,stage1,video,11,0.7245153320300115,3666.113988525218,0.5412419336396997
ARM,2048,4,stage2,ml,19,1.5744276300978135,838.8727308474646,0.16802291668403863
ARM,2048,5,stage2,ml,19,1.569446083343317,1052.3340021960228,0.2093641075179985
ARM,2048,6,stage2,ml,17,1.5650083747674381,1253.2149119298142,0.2505265406327715
ARM,2048,7,stage2,ml,22,1.5307747376438356,1475.1406975671682,0.28588749000236274
ARM,2048,8,stage2,ml,10,1.5429834920460714,1692.865262621793,0.32933439654231345
ARM,2048,9,stage2,ml,13,1.5503979808918544,1952.0916753919892,0.3722815631717521
ARM,2048,10,stage2,ml,15,1.5863035016358042,2197.0489777375487,0.42322577423643254
ARM,2048,12,stage2,ml,16,1.5578076684241597,2718.672156777319,0.4987477031226789
ARM,2048,16,stage2,ml,12,1.5532906932688422,3815.867040722478,0.6630687311426033
ARM,2048,20,stage2,ml,24,1.5488188231088424,5059.121505488532,0.8264497240108784
ARM,2048,24,stage2,ml,15,1.545775869163641,6306.065504304238,0.9897912045428625
ARM,2048,28,stage2,ml,14,1.545444483425275,7830.190175515806,1.1545088468980176
ARM,2048,4,stage0,video,11,44.43289797956293,9951.451575006136,4.7418788723789564
ARM,2048,5,stage0,video,12,44.269605239232384,12409.840704356631,5.9055653389136005
ARM,2048,6,stage0,video,10,44.038060140609744,14819.107355825901,7.049612667308808
ARM,2048,7,stage0,video,9,44.252466943528916,17352.633614759976,8.26459072637346
ARM,2048,8,stage0,video,12,44.15165855487188,19852.933300828932,9.423730001951853
ARM,2048,9,stage0,video,10,44.27701089382172,22360.001227934357,10.631795855824471
ARM,2048,10,stage0,video,9,44.39075369305081,24914.68971643182,11.843453085305955
ARM,2048,12,stage0,video,9,44.38331474198235,29864.47209733327,14.209762047793069
ARM,2048,16,stage0,video,11,44.262342561375014,39692.345027715506,18.894708792599765
ARM,2048,20,stage0,video,11,44.065899328751996,49357.96083498001,23.513563881822062
ARM,2048,24,stage0,video,10,44.102517223358156,59300.0455014038,28.239723828460694
ARM,2048,28,stage0,video,11,44.37757487730546,69620.11092654141,33.15182353634227
x86,2048,4,stage1,video,8,4.934714272618294,2135.605593298703,0.6580934953963757
x86,2048,5,stage1,video,8,3.9886596858501435,2331.8943811475333,0.6649095696312189
x86,2048,6,stage1,video,8,3.2973251789808273,2472.5221800620266,0.6595969288033248
x86,2048,7,stage1,video,8,2.79450210077422,2591.935823372662,0.6521809002786876
x86,2048,8,stage1,video,8,2.415702197700739,2778.2894482942816,0.6443160901707411
x86,2048,9,stage1,video,8,2.140727698802948,2944.0932679915127,0.6423467533028127
x86,2048,10,stage1,video,8,1.9298256903886795,3126.25537301308,0.6434038851755858
x86,2048,12,stage1,video,9,1.426951198666184,3858.1647038561723,0.570894635562367
x86,2048,16,stage1,video,8,1.1683729253709316,3985.4356672260155,0.6232568533098698
x86,2048,20,stage1,video,8,0.9554621383547783,4578.999872706829,0.6371021538549662
x86,2048,24,stage1,video,8,0.8132965664068857,5219.664919116829,0.6507673805761338
x86,2048,28,stage1,video,8,0.7412279769778252,6091.202782314602,0.6919511410683394
x86,2048,4,stage3,ml,13,1.1569258249722993,1099.5310027469488,0.15428762801830587
x86,2048,5,stage3,ml,14,1.1932037557874406,1403.9781466094087,0.19890706608976635
x86,2048,6,stage3,ml,13,1.2271681382105901,1695.544079441731,0.24548271436764646
x86,2048,7,stage3,ml,14,1.248735785484314,2035.2644772164826,0.2914299576163292
x86,2048,8,stage3,ml,15,1.2683885415395102,2191.6228032023114,0.3383045917994182
x86,2048,9,stage3,ml,14,1.2939564500536238,2495.895314496926,0.3882645724030904
x86,2048,10,stage3,ml,14,1.3676947525569372,2813.3603230479785,0.45598943050248286
x86,2048,12,stage3,ml,15,1.4155924320220947,3393.5107746486665,0.5663502202033998
x86,2048,16,stage3,ml,15,1.5276694933573405,4828.2134123565675,0.8149200145365397
x86,2048,20,stage3,ml,15,1.5861357212066651,6219.709579253832,1.0576352989006044
x86,2048,24,stage3,ml,13,1.7878477756793683,7974.142645855832,1.4305642761876034
x86,2048,28,stage3,ml,14,1.8294706514903478,9357.797928522587,1.7078474425792696
x86,512,4,stage1,ml,10,136.68310740590096,13057.977612996534,4.557014800912738
x86,512,5,stage1,ml,10,135.42053098678588,16195.64619693105,5.643650628874303
x86,512,6,stage1,ml,10,135.595048669974,19262.921050820256,6.7811083839854005
x86,512,7,stage1,ml,10,135.77184662818908,22661.14015987515,7.9216083915216915
x86,512,8,stage1,ml,10,136.5057336717844,26126.763535477174,9.102202321234586
x86,512,9,stage1,ml,10,135.23644688129426,29208.519501363888,10.144762062800291
x86,512,10,stage1,ml,10,141.96506855487823,33638.63875843943,11.832788464049102
x86,512,12,stage1,ml,10,140.30405039389927,40056.52111205693,14.033211120397807
x86,512,16,stage1,ml,9,136.56264005932542,52350.70499748341,18.21199367831164
x86,512,20,stage1,ml,9,138.55673517915938,65950.29996390599,23.09740775436587
x86,512,24,stage1,ml,10,138.26691400706767,79170.72463538687,27.658913477973815
x86,512,28,stage1,ml,10,137.65405089003698,93219.13045502373,32.12570239671683
ARM,2048,4,stage3,video,11,6.65518494085832,1862.8549125844777,0.7102413368883999
ARM,2048,5,stage3,video,12,10.085110108057657,3416.3122520645466,1.3453536884148913
ARM,2048,6,stage3,video,10,7.735098338127136,3254.666539006233,1.2382345419673917
ARM,2048,7,stage3,video,9,6.579316404130724,3259.083508033222,1.228753131635454
ARM,2048,8,stage3,video,12,10.733157674471537,5818.73924832344,2.2908851740392047
ARM,2048,9,stage3,video,10,7.777077412605285,4890.788172175884,1.8674318283147808
ARM,2048,10,stage3,video,9,9.481280432807075,6387.795681900448,2.5296056194729277
ARM,2048,12,stage3,video,9,6.6429482565985785,5610.687215391797,2.1268063138326005
ARM,2048,16,stage3,video,11,6.632139162583784,7456.129538622768,2.8311275657237656
ARM,2048,20,stage3,video,11,7.814025618813255,10773.398763808338,4.169564070198753
ARM,2048,24,stage3,video,10,6.549991846084595,11144.796890802383,4.194090778884887
ARM,2048,28,stage3,video,11,7.174718791788274,13923.580427776684,5.3598019262175125
ARM,2048,4,stage1,ml,19,23.27487460931299,5776.486331714566,2.4838946183058823
ARM,2048,5,stage1,ml,19,23.140271363168367,7176.175150347118,3.08691219984666
ARM,2048,6,stage1,ml,17,23.080600093258308,8593.76311807318,3.6947424629287893
ARM,2048,7,stage1,ml,22,23.011682046983047,10019.161202026984,4.297661739094553
ARM,2048,8,stage1,ml,10,22.944780929728633,11379.294775718188,4.89733404164128
ARM,2048,9,stage1,ml,13,23.291882966924245,12979.486653622267,5.59284693801785
ARM,2048,10,stage1,ml,15,23.18783930949005,14384.05284513237,6.186515527771945
ARM,2048,12,stage1,ml,16,23.19836679100997,17275.497096297764,7.427189111809751
ARM,2048,16,stage1,ml,12,23.198637823859315,23027.29765966942,9.903034514249063
ARM,2048,20,stage1,ml,24,23.130533712342473,28719.633779008298,12.342452788905943
ARM,2048,24,stage1,ml,15,23.02123223383728,34254.24075302705,14.740955423970687
ARM,2048,28,stage1,ml,14,23.013541411224576,40243.889686294824,17.192035975841208
x86,512,4,stage2,video,7,0.8255990317889622,638.0402183033058,0.027525471719844
x86,512,5,stage2,video,7,0.6711009638650077,757.3739664594445,0.0279681326690742
x86,512,6,stage2,video,8,0.5750685830911001,881.0896206673088,0.028759179840385916
x86,512,7,stage2,video,8,0.4856944169316973,997.7717457772787,0.02833784075587988
x86,512,8,stage2,video,8,0.43926722183823586,1150.8423293132182,0.029290338352173567
x86,512,9,stage2,video,8,0.39530450105667114,1280.8632164669334,0.029653767146766187
x86,512,10,stage2,video,7,0.35470730917794363,1387.323177093983,0.0295648542199816
x86,512,12,stage2,video,7,0.29570028611591886,1630.1447315938474,0.029575942617314208
x86,512,16,stage2,video,8,0.22787579894065857,2169.490839929342,0.03038951654672623
x86,512,20,stage2,video,8,0.1855767548084259,2649.4243295791152,0.0309356450265646
x86,512,24,stage2,video,8,0.16342437143127123,3222.523093062193,0.0326914112611115
x86,512,28,stage2,video,8,0.16111442553145544,3613.552077651116,0.03760088463053107
x86,2048,4,stage0,ml,13,1.87144424365117,1302.4333554873099,0.24957580433332002
x86,2048,5,stage0,ml,14,1.8726084572928292,1622.160162815111,0.31216382983071467
x86,2048,6,stage0,ml,13,1.8632429929879994,1967.0079985518087,0.37272312831731946
x86,2048,7,stage0,ml,14,1.8697063071387154,2187.648505259752,0.43635205796003346
x86,2048,8,stage0,ml,15,1.9068850517272948,2576.890395123418,0.5086043809967041
x86,2048,9,stage0,ml,14,1.93107271194458,2924.544723218322,0.5794376779460908
x86,2048,10,stage0,ml,14,1.9698043721062797,3156.5732589272084,0.6567327776602336
x86,2048,12,stage0,ml,15,1.984368880589803,4003.4515859266285,0.7939063017463684
x86,2048,16,stage0,ml,15,2.0026532491048177,5190.789140010833,1.068295349202474
x86,2048,20,stage0,ml,15,2.0286333401997885,6656.017451702435,1.3526927112452192
x86,2048,24,stage0,ml,13,1.9763320225935717,7861.796670475302,1.5813818311984724
x86,2048,28,stage0,ml,14,1.919309343610491,9581.988983569621,1.7917136584472657
x86,2048,4,stage2,video,8,0.2713649272918701,640.4434710413813,0.0361892267036438
x86,2048,5,stage2,video,8,0.21215283274650573,771.0694424175621,0.03536587721884251
x86,2048,6,stage2,video,8,0.18217887977759042,903.3301275214551,0.036443063110709197
x86,2048,7,stage2,video,8,0.15132598791803634,1028.093117103398,0.03531645906031132
x86,2048,8,stage2,video,8,0.13708700612187386,1152.546233076453,0.036563846272826196
x86,2048,9,stage2,video,8,0.11736600266562568,1315.480975578934,0.03521684275984764
x86,2048,10,stage2,video,8,0.10451589822769165,1450.000789490789,0.0348456004691124
x86,2048,12,stage2,video,9,0.08898541220912227,2298.92267688234,0.035601283716625645
x86,2048,16,stage2,video,8,0.07286055386066437,2215.9782645738414,0.03886673385143281
x86,2048,20,stage2,video,8,0.052889035642147066,2733.40532059002,0.03526640896618366
x86,2048,24,stage2,video,8,0.054785050451755524,3284.007921166719,0.04383680596947671
x86,2048,28,stage2,video,8,0.32424437573977877,3679.7621126088197,0.30268860964059835
ARM,2048,4,stage,titanic,10,35.383913832902905,7710.498433890346,3.776171284247398
ARM,2048,5,stage,titanic,10,26.937582955360412,7514.089840366841,3.593473566245079
ARM,2048,6,stage,titanic,10,21.251877268155415,7282.524138940571,3.402000513086319
ARM,2048,7,stage,titanic,10,17.714179594176155,7243.656320102215,3.3083001810083386
ARM,2048,8,stage,titanic,10,14.990829822421073,7232.762228933572,3.1996427172975537
ARM,2048,9,stage,titanic,10,12.971110521422492,7222.052174077035,3.1146230584039687
ARM,2048,10,stage,titanic,10,11.508627123832703,7230.329214488267,3.070501716638565
ARM,2048,12,stage,titanic,10,9.207507177193959,7294.490052905083,2.9478754978504176
ARM,2048,16,stage,titanic,10,6.586391167342663,7672.475927221775,2.811598661515236
ARM,2048,20,stage,titanic,10,5.100331877470016,8092.794834200145,2.7215370898180007
ARM,2048,24,stage,titanic,10,4.124948923786481,8366.052063037157,2.641287294878959
ARM,2048,28,stage,titanic,10,3.5022487257208144,9150.66032729388,2.616319888062477
ARM,512,4,stage2,ml,16,5.513757682869424,628.0125560891771,0.14710705497895624
ARM,512,5,stage2,ml,16,6.270236742584787,853.1464188572027,0.20911239536520265
ARM,512,6,stage2,ml,16,6.390496033759742,1059.4383026953687,0.25574765127106486
ARM,512,7,stage2,ml,16,6.431628262754133,1255.7552774642252,0.3002927235879905
ARM,512,8,stage2,ml,16,6.608642423771261,1505.07930908389,0.3526371597324345
ARM,512,9,stage2,ml,18,6.594087874803372,1707.5802051958287,0.3958430951244464
ARM,512,10,stage2,ml,16,6.894681254769135,1998.3334895860085,0.4598752396931013
ARM,512,12,stage2,ml,18,6.737236699655512,2482.1709259458657,0.5392484254404273
ARM,512,16,stage2,ml,16,5.638187673632514,3031.000490140243,0.6017073885300618
ARM,512,20,stage2,ml,20,5.883860090147684,4120.349342001224,0.784906936025701
ARM,512,24,stage2,ml,16,5.604737455261247,4985.896557173135,0.8972063718382203
ARM,512,28,stage2,ml,16,5.618873208437331,6099.098715015242,1.049380760407756
ARM,512,4,stage1,video,8,17.397376634180546,1035.6467747047543,0.46416200859993695
ARM,512,5,stage1,video,7,14.199025515147618,1127.853580215999,0.473537500930173
ARM,512,6,stage1,video,7,10.345276815550667,1093.9454478093558,0.4140179781583377
ARM,512,7,stage1,video,8,8.890285449368614,1165.5514598801733,0.4150874276310206
ARM,512,8,stage1,video,8,7.803072363138199,1246.017501099408,0.41637194129705424
ARM,512,9,stage1,video,8,6.896463404099147,1300.2794989436863,0.4139946981480717
ARM,512,10,stage1,video,8,6.208788302540779,1385.4334869280456,0.41412617977946997
ARM,512,12,stage1,video,8,5.264410605033238,1530.3931025147435,0.4213634248268604
ARM,512,16,stage1,video,8,4.896793542429805,2142.9365936011077,0.5225858068481087
ARM,512,20,stage1,video,7,3.6876757059778487,2315.88289658342,0.491935939177445
ARM,512,24,stage1,video,7,2.7402344828560237,2444.929764720372,0.43865673601559224
ARM,512,28,stage1,video,8,2.7107571299586977,2905.709199874102,0.5062610015910863
ARM,1024,4,stage,pi,11,36.45314306020737,1790.3525601322006,1.9451397136926651
ARM,1024,5,stage,pi,10,29.083511514663698,1824.9063382172583,1.9398702180280687
ARM,1024,6,stage,pi,10,24.13384024699529,1856.4975619900224,1.931672573369503
ARM,1024,7,stage,pi,10,20.643560242652892,1895.4447356736664,1.927695655458927
ARM,1024,8,stage,pi,10,18.121318054199218,1908.9393002128606,1.9339070627441406
ARM,1024,9,stage,pi,10,16.078986427519055,1959.2563326823708,1.9304431104879376
ARM,1024,10,stage,pi,13,14.501653427344102,2001.9317882987173,1.9345205672077035
ARM,1024,12,stage,pi,10,12.02594461242358,2080.3679834699633,1.9251132135567663
ARM,1024,16,stage,pi,10,9.035863888263702,2204.8655375862127,1.9286147883110043
ARM,1024,20,stage,pi,11,7.266555079546841,2375.4358434525407,1.9387168952230973
ARM,1024,24,stage,pi,11,5.975310191963658,2545.3536005388623,1.9130553110590847
ARM,1024,28,stage,pi,11,5.1034258797571255,2689.413215770506,1.9062316346068813
x86,1024,4,stage2,ml,10,3.196087193489075,1320.1075859815599,0.21311509406185153
x86,1024,5,stage2,ml,10,3.161398296356201,1668.7226419570447,0.26350254800128936
x86,1024,6,stage2,ml,10,3.186437920729319,2073.066294748926,0.31870752083134657
x86,1024,7,stage2,ml,10,3.122504908697946,2432.7243411479953,0.3643650977959633
x86,1024,8,stage2,ml,10,3.1509671926498415,2863.584434638285,0.4202129848117829
x86,1024,9,stage2,ml,10,3.074681451585558,3258.0915880610946,0.4612944581813813
x86,1024,10,stage2,ml,10,3.1356251788139344,3677.3896828510756,0.5227087173082829
x86,1024,12,stage2,ml,10,3.046588438749313,4495.536307525325,0.6094395512874126
x86,1024,16,stage2,ml,10,2.9912141501903533,6384.417369480778,0.7978166381387711
x86,1024,20,stage2,ml,10,2.943069477081299,8497.431441296101,0.981219363658905
x86,1024,24,stage2,ml,10,3.000536620616913,10816.501234205796,1.2004546911764147
x86,1024,28,stage2,ml,10,2.9879913815430235,13134.1920290061,1.3946748572490217
x86,1024,4,stage0,video,10,74.09639563560486,12176.533261383629,4.940747660982132
x86,1024,5,stage0,video,9,74.68931868341234,16017.952947622407,6.225354712262419
x86,1024,6,stage0,video,9,73.72684285375807,19645.6078596576,7.374158822232884
x86,1024,7,stage0,video,9,74.84274045626323,22937.374949308585,8.733399383841357
x86,1024,8,stage0,video,10,73.07779877185821,26266.7673384924,9.745655244215012
x86,1024,9,stage0,video,11,73.94957845861262,29180.004682170147,11.094655256145654
x86,1024,10,stage0,video,12,73.44107528527577,31696.670006545988,12.242627250055472
x86,1024,12,stage0,video,11,72.06570725007491,39557.09128255202,14.416024078304986
x86,1024,16,stage0,video,12,73.29513563712437,51531.04014154752,19.549278577133816
x86,1024,20,stage0,video,13,72.96466972277715,65062.0326844065,24.326420885573903
x86,1024,24,stage0,video,12,73.79234093427658,74983.50593104077,29.522839760985377
x86,1024,28,stage0,video,14,73.51733492101941,89615.72970049,34.314951247735024
ARM,512,4,stage,pi,10,50.19167342185974,1902.9589940404885,1.339113846895218
ARM,512,5,stage,pi,10,39.931666460037235,1945.0929044878478,1.3317210764422418
ARM,512,6,stage,pi,10,33.01017362674077,1955.6743837130073,1.3210671485421657
ARM,512,7,stage,pi,10,28.15592167377472,1983.8565511643883,1.3145999829485415
ARM,512,8,stage,pi,10,24.571371388435363,1979.004844925403,1.311128377286911
ARM,512,9,stage,pi,10,21.740068358845182,2047.859719439745,1.3050563035814762
ARM,512,10,stage,pi,10,19.523156888484955,2041.8587937211998,1.3021945644619464
ARM,512,12,stage,pi,10,16.154261964559556,2120.33388854742,1.292987127643347
ARM,512,16,stage,pi,10,12.202124580740929,2228.904055815934,1.3022107352566719
ARM,512,20,stage,pi,10,9.745813466310501,2428.2962237679953,1.3000915164058209
ARM,512,24,stage,pi,10,7.944942524035771,2493.676457698346,1.2718263992476462
ARM,512,28,stage,pi,10,6.792246729135513,2660.8145429205924,1.2685199991333485
ARM,512,12,stage,titanic,5,33.55135869582494,6589.9360642433185,2.685450750013828
ARM,512,16,stage,titanic,5,23.72417632639408,6731.177224466801,2.531844097552776
ARM,512,20,stage,titanic,5,18.363620302677155,6914.317182917594,2.4497069483771328
ARM,512,24,stage,titanic,5,14.820417867104213,7481.3655333852785,2.3724524921660426
ARM,512,28,stage,titanic,5,12.554001694066184,7291.371046092512,2.3445853563838
ARM,1024,4,stage1,video,8,8.67260517179966,1184.5648176178336,0.46277021196722984
ARM,1024,5,stage1,video,13,8.045232879198515,1450.8470640961943,0.5366170330425409
ARM,1024,6,stage1,video,12,5.585627377033234,1345.9499909977121,0.44707361525774
ARM,1024,7,stage1,video,12,4.434538046518962,1344.4145457367101,0.4140971627839406
ARM,1024,8,stage1,video,11,3.583903220566836,1354.3448932680215,0.38247415169889276
ARM,1024,9,stage1,video,11,3.7612433626194193,1616.3404125636273,0.45157487811608743
ARM,1024,10,stage1,video,13,3.9471064182428215,1927.927019751989,0.5265439961935924
ARM,1024,12,stage1,video,15,3.128476452827454,2019.7740972359989,0.5008065105686189
ARM,1024,16,stage1,video,14,2.1212609580584934,2235.706516535793,0.4527619388880048
ARM,1024,20,stage1,video,15,1.8152146776517233,2671.433753956954,0.4842992759974798
ARM,1024,24,stage1,video,13,1.5059817249958332,2991.1220087931706,0.4821551090746659
ARM,1024,28,stage1,video,15,1.285734600680215,3414.4794719902684,0.4802475880460739
ARM,1024,4,stage3,ml,12,1.8048333195326978,605.5180640593751,0.09630590593026475
ARM,1024,5,stage3,ml,12,1.8354140467124995,771.446213119416,0.12242211691572373
ARM,1024,6,stage3,ml,12,1.889019367970928,918.6618886337837,0.15119711021239307
ARM,1024,7,stage3,ml,12,1.9608704319180907,1068.4673398416412,0.1831060809325113
ARM,1024,8,stage3,ml,24,2.0536012495198066,1333.3398954487125,0.21916032534875377
ARM,1024,9,stage3,ml,24,2.0449674033001086,1484.4618283736565,0.24551878644021105
ARM,1024,10,stage3,ml,24,2.206246519830555,1659.1618519111248,0.29431328574539606
ARM,1024,12,stage3,ml,12,2.177038545897752,2020.2201130826033,0.34850033042731215
ARM,1024,16,stage3,ml,18,2.417334208256001,2782.383651944418,0.5159558134101608
ARM,1024,20,stage3,ml,20,2.8165365337995913,3960.351038452843,0.751451947217731
ARM,1024,24,stage3,ml,17,2.7942361999726475,4604.597673207126,0.8946026617832428
ARM,1024,28,stage3,ml,20,2.8069901274443056,5628.422079221422,1.048466952402997
ARM,512,4,stage3,ml,16,3.90792308527689,501.45273496103823,0.10426338791518741
ARM,512,5,stage3,ml,16,4.021372438874366,683.9371298584083,0.1341127708364601
ARM,512,6,stage3,ml,16,4.116115017614776,828.0393913453677,0.16472692300494332
ARM,512,7,stage3,ml,16,4.337741551875756,997.4637877672424,0.20252915305707905
ARM,512,8,stage3,ml,16,4.327051896667032,1128.9707045195903,0.23089148920615282
ARM,512,9,stage3,ml,18,4.522528209212869,1266.1166311256252,0.27148736839904847
ARM,512,10,stage3,ml,16,4.837994617250214,1446.5577293991355,0.32269424097058924
ARM,512,12,stage3,ml,18,4.926812018006566,1772.0587026109847,0.3943420339212455
ARM,512,16,stage3,ml,16,4.6166276764844785,2148.959491909718,0.4926865056344235
ARM,512,20,stage3,ml,20,5.110511788484234,3047.0190049478197,0.6817422725837968
ARM,512,24,stage3,ml,16,5.453629904451898,3798.1844818328887,0.8730170751046598
ARM,512,28,stage3,ml,16,5.490081299742168,4419.489488786008,1.0253275835398472
ARM,512,4,stage0,video,8,177.8520145714283,7814.444084835051,4.745091748765707
ARM,512,5,stage0,video,7,177.73809695243835,9724.517696499826,5.927565533363818
ARM,512,6,stage0,video,7,177.63486187798637,11654.407750531605,7.108947172357014
ARM,512,7,stage0,video,8,177.14331576228142,13521.569307465852,8.270821412940919
ARM,512,8,stage0,video,8,176.49733811616898,15355.427369940278,9.417897961878776
ARM,512,9,stage0,video,8,175.57168212532997,17181.596349947155,10.539568077983558
ARM,512,10,stage0,video,8,176.05184262990952,19174.38778345287,11.742657903414964
ARM,512,12,stage0,video,8,175.6141802072525,23040.977321773764,14.056158983788489
ARM,512,16,stage0,video,8,175.97379285097122,30643.47510938644,18.779923173055646
ARM,512,20,stage0,video,7,176.17668649128504,38413.23913839886,23.501969977937424
ARM,512,24,stage0,video,7,177.2977088860103,46232.99696367808,28.38181723847253
ARM,512,28,stage0,video,8,177.29217767715454,54396.641315054905,33.11108710298538
x86,2048,4,stage,pi,13,34.19137896941258,3198.559185034128,4.559762299360862
x86,2048,5,stage,pi,13,27.27881595538213,3233.746142173088,4.547378619762201
x86,2048,6,stage,pi,13,22.655405573355846,3333.5001664023766,4.531987330894103
x86,2048,7,stage,pi,13,19.39136283476274,3399.014247737335,4.5255562583769295
x86,2048,8,stage,pi,13,17.027556382692776,3465.658473520645,4.541589838391817
x86,2048,9,stage,pi,13,15.141393046093802,3521.0914126535,4.543326397410906
x86,2048,10,stage,pi,14,13.60915675333568,3590.836026063546,4.537292861562116
x86,2048,12,stage,pi,14,11.310905818428312,3710.793373988918,4.525267199836799
x86,2048,16,stage,pi,14,8.443544028060776,3951.3473880413594,4.504124126328741
x86,2048,20,stage,pi,15,6.799188438256581,4209.272386572456,4.533698850629489
x86,2048,24,stage,pi,16,5.594124098618825,4453.4550295968975,4.476194338750839
x86,2048,28,stage,pi,16,4.784983871238572,4749.990201693059,4.466878143478632
x86,512,4,stage0,ml,10,5.87536461353302,1243.1243979190826,0.1958846562151909
x86,512,5,stage0,ml,10,5.9631335735321045,1608.509112148285,0.2485135916769505
x86,512,6,stage0,ml,10,5.917070603370666,1863.1681773413661,0.295912700874567
x86,512,7,stage0,ml,10,5.895919895172119,2130.5134065273287,0.3439974462838173
x86,512,8,stage0,ml,10,6.044704580307007,2611.834040785217,0.4030609014148712
x86,512,9,stage0,ml,10,6.08275785446167,2905.802333456683,0.45629808045244225
x86,512,10,stage0,ml,10,6.061337089538574,3423.947606756926,0.5052124464130402
x86,512,12,stage0,ml,10,6.042692828178406,3721.73577893343,0.6043901366744041
x86,512,16,stage0,ml,9,6.21380795372857,5083.73643111462,0.8286734287092422
x86,512,20,stage0,ml,9,6.047514888975355,6393.743385651377,1.0081207319921919
x86,512,24,stage0,ml,10,6.2037054061889645,7388.323144935037,1.2409892294540406
x86,512,28,stage0,ml,10,6.116489148139953,8689.300280590629,1.4274662373929023
x86,1024,4,stage3,video,10,17.89299294948578,3950.4310343052866,1.1931047698717119
x86,1024,5,stage3,video,9,14.487363603379992,3922.907931821611,1.2075217563417227
x86,1024,6,stage3,video,9,14.267266247007582,4832.535535383861,1.4270119700256985
x86,1024,7,stage3,video,9,14.295901086595324,5867.663314889591,1.6681886977948084
x86,1024,8,stage3,video,10,14.148647022247314,6603.201105954744,1.8868635668869018
x86,1024,9,stage3,video,11,14.311434377323497,7648.521463382851,2.1471444996298445
x86,1024,10,stage3,video,12,14.655113716920217,8497.77829921464,2.4430074566106006
x86,1024,12,stage3,video,11,14.156241070140492,10015.778193290625,2.831814463670904
x86,1024,16,stage3,video,12,14.222484310468039,13759.079570997239,3.7934210152880357
x86,1024,20,stage3,video,13,13.18679875593919,15442.636634789613,4.396478705230127
x86,1024,24,stage3,video,12,14.347001751263937,20135.53774055338,5.739948460645676
x86,1024,28,stage3,video,14,14.223445790154594,22637.926459805964,6.638935557012559
x86,1024,4,stage1,ml,10,74.65728825330734,13779.581990859271,4.978147980730534
x86,1024,5,stage1,ml,10,72.54108755588531,16745.268044914577,6.046299647783042
x86,1024,6,stage1,ml,10,72.14227411746978,19943.15121601389,7.215670257229329
x86,1024,7,stage1,ml,10,71.94709138529642,23362.78486936011,8.39550609375024
x86,1024,8,stage1,ml,10,70.72160019576549,26331.87494278695,9.431432602107286
x86,1024,9,stage1,ml,10,69.80425701406267,29255.89444030765,10.472732679819822
x86,1024,10,stage1,ml,10,68.87360803842544,31831.15558572991,11.481230460005523
x86,1024,12,stage1,ml,10,67.875725766023,37830.223770129305,13.577860182235241
x86,1024,16,stage1,ml,10,66.87264894992113,50502.0674932442,17.836272927922966
x86,1024,20,stage1,ml,10,65.37492042183877,62122.71044957132,21.79599846864104
x86,1024,24,stage1,ml,10,63.92831626137097,73117.61563294027,25.576440769849302
x86,1024,28,stage1,ml,10,63.32852177109037,84792.1309482567,29.559220821874145
ARM,1024,4,stage0,ml,12,2.636932387195462,697.8049535130791,0.14070671218074984
ARM,1024,5,stage0,ml,12,2.67132530027494,910.6752235709055,0.1781773975283385
ARM,1024,6,stage0,ml,12,2.7530788959251407,1107.2941423886336,0.22035643482984824
ARM,1024,7,stage0,ml,12,2.8184053158939992,1370.1814067159207,0.26318268839818165
ARM,1024,8,stage0,ml,24,2.802637544046481,1548.7881409303002,0.29909747870064046
ARM,1024,9,stage0,ml,24,2.8195850382235945,1720.2662902852617,0.3385193796891247
ARM,1024,10,stage0,ml,24,2.876938879394348,1952.1741709099224,0.383783646511206
ARM,1024,12,stage0,ml,12,2.763871446206649,2297.836054104346,0.44244054110876035
ARM,1024,16,stage0,ml,18,2.7740448401823787,3123.5486475052294,0.5920921306885268
ARM,1024,20,stage0,ml,20,2.669783392398638,3690.4052955797965,0.7122982090919566
ARM,1024,24,stage0,ml,17,2.9028345646849263,4577.08099073049,0.9293715142295259
ARM,1024,28,stage0,ml,20,2.706130128604072,5269.0693488729585,1.010793725636193
x86,512,4,stage3,video,7,27.224598237446376,3431.9541643434254,0.9076681052364622
x86,512,5,stage3,video,7,26.466354199818202,3991.8251293729036,1.1029853112774237
x86,512,6,stage3,video,8,27.021026223897934,5074.4049490068555,1.351321521457136
x86,512,7,stage3,video,8,27.58703225851059,5718.729543909192,1.6095653971228003
x86,512,8,stage3,video,8,27.577248692512512,6693.561628305198,1.8388509428167343
x86,512,9,stage3,video,8,27.945023596286774,7344.768838923991,2.0962959450754526
x86,512,10,stage3,video,7,27.720806530543737,8330.023858811854,2.3105292243208204
x86,512,12,stage3,video,7,27.746607984815324,9770.02994362981,2.7752157306412286
x86,512,16,stage3,video,8,27.546823799610138,12978.551686343195,3.6736444219160083
x86,512,20,stage3,video,8,27.684079110622406,17497.6220443666,4.614935987740755
x86,512,24,stage3,video,8,27.39267858862877,20573.93486534214,5.479631424869299
x86,512,28,stage3,video,8,27.455766022205353,24229.563417790298,6.407626674262286
ARM,1024,4,stage2,video,8,0.7574670389294624,467.64532170891766,0.04041844119727611
ARM,1024,5,stage2,video,13,0.7676035037407508,636.9557384151677,0.051199153699508074
ARM,1024,6,stage2,video,12,0.5293475356366899,656.9782803575199,0.042368976752360656
ARM,1024,7,stage2,video,12,0.39015809127262663,672.9119406918686,0.036432962563037866
ARM,1024,8,stage2,video,11,0.31109871647574683,731.0089408419348,0.0332004550222917
ARM,1024,9,stage2,video,11,0.37874853008925313,965.4459151842381,0.045472548522515734
ARM,1024,10,stage2,video,13,0.43619235295515796,1226.503248342183,0.05818805988421807
ARM,1024,12,stage2,video,15,0.31459864377975466,1279.6440151643756,0.05036095089626312
ARM,1024,16,stage2,video,14,0.18856694442885263,1501.7583616835732,0.04024772861889431
ARM,1024,20,stage2,video,15,0.1687876009941101,1919.127418649196,0.04503253194522858
ARM,1024,24,stage2,video,13,0.1329137010452075,2194.051672753005,0.04255365052663363
ARM,1024,28,stage2,video,15,0.12442062184924171,2510.5082793442384,0.04647359067312876
x86,1024,4,stage,titanic,10,75.41346688270569,14340.052341866258,5.028569971738817
x86,1024,5,stage,titanic,10,56.78661029815674,13631.63656306312,4.733163968351364
x86,1024,6,stage,titanic,10,44.174917276700334,13067.035360161422,4.418375226015568
x86,1024,7,stage,titanic,10,36.22682419845036,12834.324347614454,4.227308115717173
x86,1024,8,stage,titanic,10,30.609172150492668,12760.373333100082,4.082039197989703
x86,1024,9,stage,titanic,10,26.417459739579094,12687.769243287968,3.9634114847290522
x86,1024,10,stage,titanic,10,23.36664589881897,12645.4955545341,3.8952198713331225
x86,1024,12,stage,titanic,10,18.295764644940693,12427.357667655731,3.6598847595739366
x86,1024,16,stage,titanic,10,13.014479713141919,12946.31102343603,3.471222029089213
x86,1024,20,stage,titanic,10,10.026349239349365,13450.532695703772,3.3427848363990784
x86,1024,24,stage,titanic,10,7.94843470354875,13647.478380862529,3.1800097561957843
x86,1024,28,stage,titanic,11,6.756191485887998,14959.62481184732,3.153519937953082
