filename,title,memory,workers,total_executions
ml_stage0,ml_stage0,512,5,4
ml_stage0,ml_stage0,512,6,4
ml_stage0,ml_stage0,512,7,6
ml_stage0,ml_stage0,512,8,6
ml_stage0,ml_stage0,512,9,6
ml_stage0,ml_stage0,512,10,7
ml_stage0_aws_1024Mb_arm,ml_stage0_aws_1024Mb_arm,1024,4,12
ml_stage0_aws_1024Mb_arm,ml_stage0_aws_1024Mb_arm,1024,5,12
ml_stage0_aws_1024Mb_arm,ml_stage0_aws_1024Mb_arm,1024,6,12
ml_stage0_aws_1024Mb_arm,ml_stage0_aws_1024Mb_arm,1024,7,12
ml_stage0_aws_1024Mb_arm,ml_stage0_aws_1024Mb_arm,1024,8,24
ml_stage0_aws_1024Mb_arm,ml_stage0_aws_1024Mb_arm,1024,9,24
ml_stage0_aws_1024Mb_arm,ml_stage0_aws_1024Mb_arm,1024,10,24
ml_stage0_aws_1024Mb_arm,ml_stage0_aws_1024Mb_arm,1024,12,12
ml_stage0_aws_1024Mb_arm,ml_stage0_aws_1024Mb_arm,1024,16,18
ml_stage0_aws_1024Mb_arm,ml_stage0_aws_1024Mb_arm,1024,20,20
ml_stage0_aws_1024Mb_arm,ml_stage0_aws_1024Mb_arm,1024,24,17
ml_stage0_aws_1024Mb_arm,ml_stage0_aws_1024Mb_arm,1024,28,20
ml_stage0_aws_1024Mb_x86,ml_stage0_aws_1024Mb_x86,1024,4,10
ml_stage0_aws_1024Mb_x86,ml_stage0_aws_1024Mb_x86,1024,5,10
ml_stage0_aws_1024Mb_x86,ml_stage0_aws_1024Mb_x86,1024,6,10
ml_stage0_aws_1024Mb_x86,ml_stage0_aws_1024Mb_x86,1024,7,10
ml_stage0_aws_1024Mb_x86,ml_stage0_aws_1024Mb_x86,1024,8,10
ml_stage0_aws_1024Mb_x86,ml_stage0_aws_1024Mb_x86,1024,9,10
ml_stage0_aws_1024Mb_x86,ml_stage0_aws_1024Mb_x86,1024,10,10
ml_stage0_aws_1024Mb_x86,ml_stage0_aws_1024Mb_x86,1024,12,10
ml_stage0_aws_1024Mb_x86,ml_stage0_aws_1024Mb_x86,1024,16,10
ml_stage0_aws_1024Mb_x86,ml_stage0_aws_1024Mb_x86,1024,20,10
ml_stage0_aws_1024Mb_x86,ml_stage0_aws_1024Mb_x86,1024,24,10
ml_stage0_aws_1024Mb_x86,ml_stage0_aws_1024Mb_x86,1024,28,10
ml_stage0_aws_2048Mb_arm,ml_stage0_aws_2048Mb_arm,2048,4,19
ml_stage0_aws_2048Mb_arm,ml_stage0_aws_2048Mb_arm,2048,5,19
ml_stage0_aws_2048Mb_arm,ml_stage0_aws_2048Mb_arm,2048,6,17
ml_stage0_aws_2048Mb_arm,ml_stage0_aws_2048Mb_arm,2048,7,22
ml_stage0_aws_2048Mb_arm,ml_stage0_aws_2048Mb_arm,2048,8,10
ml_stage0_aws_2048Mb_arm,ml_stage0_aws_2048Mb_arm,2048,9,13
ml_stage0_aws_2048Mb_arm,ml_stage0_aws_2048Mb_arm,2048,10,15
ml_stage0_aws_2048Mb_arm,ml_stage0_aws_2048Mb_arm,2048,12,16
ml_stage0_aws_2048Mb_arm,ml_stage0_aws_2048Mb_arm,2048,16,12
ml_stage0_aws_2048Mb_arm,ml_stage0_aws_2048Mb_arm,2048,20,24
ml_stage0_aws_2048Mb_arm,ml_stage0_aws_2048Mb_arm,2048,24,15
ml_stage0_aws_2048Mb_arm,ml_stage0_aws_2048Mb_arm,2048,28,14
ml_stage0_aws_2048Mb_x86,ml_stage0_aws_2048Mb_x86,2048,4,13
ml_stage0_aws_2048Mb_x86,ml_stage0_aws_2048Mb_x86,2048,5,14
ml_stage0_aws_2048Mb_x86,ml_stage0_aws_2048Mb_x86,2048,6,13
ml_stage0_aws_2048Mb_x86,ml_stage0_aws_2048Mb_x86,2048,7,14
ml_stage0_aws_2048Mb_x86,ml_stage0_aws_2048Mb_x86,2048,8,15
ml_stage0_aws_2048Mb_x86,ml_stage0_aws_2048Mb_x86,2048,9,14
ml_stage0_aws_2048Mb_x86,ml_stage0_aws_2048Mb_x86,2048,10,14
ml_stage0_aws_2048Mb_x86,ml_stage0_aws_2048Mb_x86,2048,12,15
ml_stage0_aws_2048Mb_x86,ml_stage0_aws_2048Mb_x86,2048,16,15
ml_stage0_aws_2048Mb_x86,ml_stage0_aws_2048Mb_x86,2048,20,15
ml_stage0_aws_2048Mb_x86,ml_stage0_aws_2048Mb_x86,2048,24,13
ml_stage0_aws_2048Mb_x86,ml_stage0_aws_2048Mb_x86,2048,28,14
ml_stage0_aws_512Mb_arm,ml_stage0_aws_512Mb_arm,512,4,16
ml_stage0_aws_512Mb_arm,ml_stage0_aws_512Mb_arm,512,5,16
ml_stage0_aws_512Mb_arm,ml_stage0_aws_512Mb_arm,512,6,16
ml_stage0_aws_512Mb_arm,ml_stage0_aws_512Mb_arm,512,7,16
ml_stage0_aws_512Mb_arm,ml_stage0_aws_512Mb_arm,512,8,16
ml_stage0_aws_512Mb_arm,ml_stage0_aws_512Mb_arm,512,9,18
ml_stage0_aws_512Mb_arm,ml_stage0_aws_512Mb_arm,512,10,16
ml_stage0_aws_512Mb_arm,ml_stage0_aws_512Mb_arm,512,12,18
ml_stage0_aws_512Mb_arm,ml_stage0_aws_512Mb_arm,512,16,16
ml_stage0_aws_512Mb_arm,ml_stage0_aws_512Mb_arm,512,20,20
ml_stage0_aws_512Mb_arm,ml_stage0_aws_512Mb_arm,512,24,16
ml_stage0_aws_512Mb_arm,ml_stage0_aws_512Mb_arm,512,28,16
ml_stage0_aws_512Mb_x86,ml_stage0_aws_512Mb_x86,512,4,10
ml_stage0_aws_512Mb_x86,ml_stage0_aws_512Mb_x86,512,5,10
ml_stage0_aws_512Mb_x86,ml_stage0_aws_512Mb_x86,512,6,10
ml_stage0_aws_512Mb_x86,ml_stage0_aws_512Mb_x86,512,7,10
ml_stage0_aws_512Mb_x86,ml_stage0_aws_512Mb_x86,512,8,10
ml_stage0_aws_512Mb_x86,ml_stage0_aws_512Mb_x86,512,9,10
ml_stage0_aws_512Mb_x86,ml_stage0_aws_512Mb_x86,512,10,10
ml_stage0_aws_512Mb_x86,ml_stage0_aws_512Mb_x86,512,12,10
ml_stage0_aws_512Mb_x86,ml_stage0_aws_512Mb_x86,512,16,9
ml_stage0_aws_512Mb_x86,ml_stage0_aws_512Mb_x86,512,20,9
ml_stage0_aws_512Mb_x86,ml_stage0_aws_512Mb_x86,512,24,10
ml_stage0_aws_512Mb_x86,ml_stage0_aws_512Mb_x86,512,28,10
ml_stage1,ml_stage1,512,5,4
ml_stage1,ml_stage1,512,6,4
ml_stage1,ml_stage1,512,7,6
ml_stage1,ml_stage1,512,8,6
ml_stage1,ml_stage1,512,9,6
ml_stage1,ml_stage1,512,10,7
ml_stage1_aws_1024Mb_arm,ml_stage1_aws_1024Mb_arm,1024,4,12
ml_stage1_aws_1024Mb_arm,ml_stage1_aws_1024Mb_arm,1024,5,12
ml_stage1_aws_1024Mb_arm,ml_stage1_aws_1024Mb_arm,1024,6,12
ml_stage1_aws_1024Mb_arm,ml_stage1_aws_1024Mb_arm,1024,7,12
ml_stage1_aws_1024Mb_arm,ml_stage1_aws_1024Mb_arm,1024,8,24
ml_stage1_aws_1024Mb_arm,ml_stage1_aws_1024Mb_arm,1024,9,24
ml_stage1_aws_1024Mb_arm,ml_stage1_aws_1024Mb_arm,1024,10,24
ml_stage1_aws_1024Mb_arm,ml_stage1_aws_1024Mb_arm,1024,12,12
ml_stage1_aws_1024Mb_arm,ml_stage1_aws_1024Mb_arm,1024,16,18
ml_stage1_aws_1024Mb_arm,ml_stage1_aws_1024Mb_arm,1024,20,20
ml_stage1_aws_1024Mb_arm,ml_stage1_aws_1024Mb_arm,1024,24,17
ml_stage1_aws_1024Mb_arm,ml_stage1_aws_1024Mb_arm,1024,28,20
ml_stage1_aws_1024Mb_x86,ml_stage1_aws_1024Mb_x86,1024,4,10
ml_stage1_aws_1024Mb_x86,ml_stage1_aws_1024Mb_x86,1024,5,10
ml_stage1_aws_1024Mb_x86,ml_stage1_aws_1024Mb_x86,1024,6,10
ml_stage1_aws_1024Mb_x86,ml_stage1_aws_1024Mb_x86,1024,7,10
ml_stage1_aws_1024Mb_x86,ml_stage1_aws_1024Mb_x86,1024,8,10
ml_stage1_aws_1024Mb_x86,ml_stage1_aws_1024Mb_x86,1024,9,10
ml_stage1_aws_1024Mb_x86,ml_stage1_aws_1024Mb_x86,1024,10,10
ml_stage1_aws_1024Mb_x86,ml_stage1_aws_1024Mb_x86,1024,12,10
ml_stage1_aws_1024Mb_x86,ml_stage1_aws_1024Mb_x86,1024,16,10
ml_stage1_aws_1024Mb_x86,ml_stage1_aws_1024Mb_x86,1024,20,10
ml_stage1_aws_1024Mb_x86,ml_stage1_aws_1024Mb_x86,1024,24,10
ml_stage1_aws_1024Mb_x86,ml_stage1_aws_1024Mb_x86,1024,28,10
ml_stage1_aws_2048Mb_arm,ml_stage1_aws_2048Mb_arm,2048,4,19
ml_stage1_aws_2048Mb_arm,ml_stage1_aws_2048Mb_arm,2048,5,19
ml_stage1_aws_2048Mb_arm,ml_stage1_aws_2048Mb_arm,2048,6,17
ml_stage1_aws_2048Mb_arm,ml_stage1_aws_2048Mb_arm,2048,7,22
ml_stage1_aws_2048Mb_arm,ml_stage1_aws_2048Mb_arm,2048,8,10
ml_stage1_aws_2048Mb_arm,ml_stage1_aws_2048Mb_arm,2048,9,13
ml_stage1_aws_2048Mb_arm,ml_stage1_aws_2048Mb_arm,2048,10,15
ml_stage1_aws_2048Mb_arm,ml_stage1_aws_2048Mb_arm,2048,12,16
ml_stage1_aws_2048Mb_arm,ml_stage1_aws_2048Mb_arm,2048,16,12
ml_stage1_aws_2048Mb_arm,ml_stage1_aws_2048Mb_arm,2048,20,24
ml_stage1_aws_2048Mb_arm,ml_stage1_aws_2048Mb_arm,2048,24,15
ml_stage1_aws_2048Mb_arm,ml_stage1_aws_2048Mb_arm,2048,28,14
ml_stage1_aws_2048Mb_x86,ml_stage1_aws_2048Mb_x86,2048,4,13
ml_stage1_aws_2048Mb_x86,ml_stage1_aws_2048Mb_x86,2048,5,14
ml_stage1_aws_2048Mb_x86,ml_stage1_aws_2048Mb_x86,2048,6,13
ml_stage1_aws_2048Mb_x86,ml_stage1_aws_2048Mb_x86,2048,7,14
ml_stage1_aws_2048Mb_x86,ml_stage1_aws_2048Mb_x86,2048,8,15
ml_stage1_aws_2048Mb_x86,ml_stage1_aws_2048Mb_x86,2048,9,14
ml_stage1_aws_2048Mb_x86,ml_stage1_aws_2048Mb_x86,2048,10,14
ml_stage1_aws_2048Mb_x86,ml_stage1_aws_2048Mb_x86,2048,12,15
ml_stage1_aws_2048Mb_x86,ml_stage1_aws_2048Mb_x86,2048,16,15
ml_stage1_aws_2048Mb_x86,ml_stage1_aws_2048Mb_x86,2048,20,15
ml_stage1_aws_2048Mb_x86,ml_stage1_aws_2048Mb_x86,2048,24,13
ml_stage1_aws_2048Mb_x86,ml_stage1_aws_2048Mb_x86,2048,28,14
ml_stage1_aws_512Mb_arm,ml_stage1_aws_512Mb_arm,512,4,16
ml_stage1_aws_512Mb_arm,ml_stage1_aws_512Mb_arm,512,5,16
ml_stage1_aws_512Mb_arm,ml_stage1_aws_512Mb_arm,512,6,16
ml_stage1_aws_512Mb_arm,ml_stage1_aws_512Mb_arm,512,7,16
ml_stage1_aws_512Mb_arm,ml_stage1_aws_512Mb_arm,512,8,16
ml_stage1_aws_512Mb_arm,ml_stage1_aws_512Mb_arm,512,9,18
ml_stage1_aws_512Mb_arm,ml_stage1_aws_512Mb_arm,512,10,16
ml_stage1_aws_512Mb_arm,ml_stage1_aws_512Mb_arm,512,12,18
ml_stage1_aws_512Mb_arm,ml_stage1_aws_512Mb_arm,512,16,16
ml_stage1_aws_512Mb_arm,ml_stage1_aws_512Mb_arm,512,20,20
ml_stage1_aws_512Mb_arm,ml_stage1_aws_512Mb_arm,512,24,16
ml_stage1_aws_512Mb_arm,ml_stage1_aws_512Mb_arm,512,28,16
ml_stage1_aws_512Mb_x86,ml_stage1_aws_512Mb_x86,512,4,10
ml_stage1_aws_512Mb_x86,ml_stage1_aws_512Mb_x86,512,5,10
ml_stage1_aws_512Mb_x86,ml_stage1_aws_512Mb_x86,512,6,10
ml_stage1_aws_512Mb_x86,ml_stage1_aws_512Mb_x86,512,7,10
ml_stage1_aws_512Mb_x86,ml_stage1_aws_512Mb_x86,512,8,10
ml_stage1_aws_512Mb_x86,ml_stage1_aws_512Mb_x86,512,9,10
ml_stage1_aws_512Mb_x86,ml_stage1_aws_512Mb_x86,512,10,10
ml_stage1_aws_512Mb_x86,ml_stage1_aws_512Mb_x86,512,12,10
ml_stage1_aws_512Mb_x86,ml_stage1_aws_512Mb_x86,512,16,9
ml_stage1_aws_512Mb_x86,ml_stage1_aws_512Mb_x86,512,20,9
ml_stage1_aws_512Mb_x86,ml_stage1_aws_512Mb_x86,512,24,10
ml_stage1_aws_512Mb_x86,ml_stage1_aws_512Mb_x86,512,28,10
ml_stage2,ml_stage2,512,5,4
ml_stage2,ml_stage2,512,6,4
ml_stage2,ml_stage2,512,7,6
ml_stage2,ml_stage2,512,8,6
ml_stage2,ml_stage2,512,9,6
ml_stage2,ml_stage2,512,10,7
ml_stage2_aws_1024Mb_arm,ml_stage2_aws_1024Mb_arm,1024,4,12
ml_stage2_aws_1024Mb_arm,ml_stage2_aws_1024Mb_arm,1024,5,12
ml_stage2_aws_1024Mb_arm,ml_stage2_aws_1024Mb_arm,1024,6,12
ml_stage2_aws_1024Mb_arm,ml_stage2_aws_1024Mb_arm,1024,7,12
ml_stage2_aws_1024Mb_arm,ml_stage2_aws_1024Mb_arm,1024,8,24
ml_stage2_aws_1024Mb_arm,ml_stage2_aws_1024Mb_arm,1024,9,24
ml_stage2_aws_1024Mb_arm,ml_stage2_aws_1024Mb_arm,1024,10,24
ml_stage2_aws_1024Mb_arm,ml_stage2_aws_1024Mb_arm,1024,12,12
ml_stage2_aws_1024Mb_arm,ml_stage2_aws_1024Mb_arm,1024,16,18
ml_stage2_aws_1024Mb_arm,ml_stage2_aws_1024Mb_arm,1024,20,20
ml_stage2_aws_1024Mb_arm,ml_stage2_aws_1024Mb_arm,1024,24,17
ml_stage2_aws_1024Mb_arm,ml_stage2_aws_1024Mb_arm,1024,28,20
ml_stage2_aws_1024Mb_x86,ml_stage2_aws_1024Mb_x86,1024,4,10
ml_stage2_aws_1024Mb_x86,ml_stage2_aws_1024Mb_x86,1024,5,10
ml_stage2_aws_1024Mb_x86,ml_stage2_aws_1024Mb_x86,1024,6,10
ml_stage2_aws_1024Mb_x86,ml_stage2_aws_1024Mb_x86,1024,7,10
ml_stage2_aws_1024Mb_x86,ml_stage2_aws_1024Mb_x86,1024,8,10
ml_stage2_aws_1024Mb_x86,ml_stage2_aws_1024Mb_x86,1024,9,10
ml_stage2_aws_1024Mb_x86,ml_stage2_aws_1024Mb_x86,1024,10,10
ml_stage2_aws_1024Mb_x86,ml_stage2_aws_1024Mb_x86,1024,12,10
ml_stage2_aws_1024Mb_x86,ml_stage2_aws_1024Mb_x86,1024,16,10
ml_stage2_aws_1024Mb_x86,ml_stage2_aws_1024Mb_x86,1024,20,10
ml_stage2_aws_1024Mb_x86,ml_stage2_aws_1024Mb_x86,1024,24,10
ml_stage2_aws_1024Mb_x86,ml_stage2_aws_1024Mb_x86,1024,28,10
ml_stage2_aws_2048Mb_arm,ml_stage2_aws_2048Mb_arm,2048,4,19
ml_stage2_aws_2048Mb_arm,ml_stage2_aws_2048Mb_arm,2048,5,19
ml_stage2_aws_2048Mb_arm,ml_stage2_aws_2048Mb_arm,2048,6,17
ml_stage2_aws_2048Mb_arm,ml_stage2_aws_2048Mb_arm,2048,7,22
ml_stage2_aws_2048Mb_arm,ml_stage2_aws_2048Mb_arm,2048,8,10
ml_stage2_aws_2048Mb_arm,ml_stage2_aws_2048Mb_arm,2048,9,13
ml_stage2_aws_2048Mb_arm,ml_stage2_aws_2048Mb_arm,2048,10,15
ml_stage2_aws_2048Mb_arm,ml_stage2_aws_2048Mb_arm,2048,12,16
ml_stage2_aws_2048Mb_arm,ml_stage2_aws_2048Mb_arm,2048,16,12
ml_stage2_aws_2048Mb_arm,ml_stage2_aws_2048Mb_arm,2048,20,24
ml_stage2_aws_2048Mb_arm,ml_stage2_aws_2048Mb_arm,2048,24,15
ml_stage2_aws_2048Mb_arm,ml_stage2_aws_2048Mb_arm,2048,28,14
ml_stage2_aws_2048Mb_x86,ml_stage2_aws_2048Mb_x86,2048,4,13
ml_stage2_aws_2048Mb_x86,ml_stage2_aws_2048Mb_x86,2048,5,14
ml_stage2_aws_2048Mb_x86,ml_stage2_aws_2048Mb_x86,2048,6,13
ml_stage2_aws_2048Mb_x86,ml_stage2_aws_2048Mb_x86,2048,7,14
ml_stage2_aws_2048Mb_x86,ml_stage2_aws_2048Mb_x86,2048,8,15
ml_stage2_aws_2048Mb_x86,ml_stage2_aws_2048Mb_x86,2048,9,14
ml_stage2_aws_2048Mb_x86,ml_stage2_aws_2048Mb_x86,2048,10,14
ml_stage2_aws_2048Mb_x86,ml_stage2_aws_2048Mb_x86,2048,12,15
ml_stage2_aws_2048Mb_x86,ml_stage2_aws_2048Mb_x86,2048,16,15
ml_stage2_aws_2048Mb_x86,ml_stage2_aws_2048Mb_x86,2048,20,15
ml_stage2_aws_2048Mb_x86,ml_stage2_aws_2048Mb_x86,2048,24,13
ml_stage2_aws_2048Mb_x86,ml_stage2_aws_2048Mb_x86,2048,28,14
ml_stage2_aws_512Mb_arm,ml_stage2_aws_512Mb_arm,512,4,16
ml_stage2_aws_512Mb_arm,ml_stage2_aws_512Mb_arm,512,5,16
ml_stage2_aws_512Mb_arm,ml_stage2_aws_512Mb_arm,512,6,16
ml_stage2_aws_512Mb_arm,ml_stage2_aws_512Mb_arm,512,7,16
ml_stage2_aws_512Mb_arm,ml_stage2_aws_512Mb_arm,512,8,16
ml_stage2_aws_512Mb_arm,ml_stage2_aws_512Mb_arm,512,9,18
ml_stage2_aws_512Mb_arm,ml_stage2_aws_512Mb_arm,512,10,16
ml_stage2_aws_512Mb_arm,ml_stage2_aws_512Mb_arm,512,12,18
ml_stage2_aws_512Mb_arm,ml_stage2_aws_512Mb_arm,512,16,16
ml_stage2_aws_512Mb_arm,ml_stage2_aws_512Mb_arm,512,20,20
ml_stage2_aws_512Mb_arm,ml_stage2_aws_512Mb_arm,512,24,16
ml_stage2_aws_512Mb_arm,ml_stage2_aws_512Mb_arm,512,28,16
ml_stage2_aws_512Mb_x86,ml_stage2_aws_512Mb_x86,512,4,10
ml_stage2_aws_512Mb_x86,ml_stage2_aws_512Mb_x86,512,5,10
ml_stage2_aws_512Mb_x86,ml_stage2_aws_512Mb_x86,512,6,10
ml_stage2_aws_512Mb_x86,ml_stage2_aws_512Mb_x86,512,7,10
ml_stage2_aws_512Mb_x86,ml_stage2_aws_512Mb_x86,512,8,10
ml_stage2_aws_512Mb_x86,ml_stage2_aws_512Mb_x86,512,9,10
ml_stage2_aws_512Mb_x86,ml_stage2_aws_512Mb_x86,512,10,10
ml_stage2_aws_512Mb_x86,ml_stage2_aws_512Mb_x86,512,12,10
ml_stage2_aws_512Mb_x86,ml_stage2_aws_512Mb_x86,512,16,9
ml_stage2_aws_512Mb_x86,ml_stage2_aws_512Mb_x86,512,20,9
ml_stage2_aws_512Mb_x86,ml_stage2_aws_512Mb_x86,512,24,10
ml_stage2_aws_512Mb_x86,ml_stage2_aws_512Mb_x86,512,28,10
ml_stage3,ml_stage3,512,5,4
ml_stage3,ml_stage3,512,6,4
ml_stage3,ml_stage3,512,7,6
ml_stage3,ml_stage3,512,8,6
ml_stage3,ml_stage3,512,9,6
ml_stage3,ml_stage3,512,10,7
ml_stage3_aws_1024Mb_arm,ml_stage3_aws_1024Mb_arm,1024,4,12
ml_stage3_aws_1024Mb_arm,ml_stage3_aws_1024Mb_arm,1024,5,12
ml_stage3_aws_1024Mb_arm,ml_stage3_aws_1024Mb_arm,1024,6,12
ml_stage3_aws_1024Mb_arm,ml_stage3_aws_1024Mb_arm,1024,7,12
ml_stage3_aws_1024Mb_arm,ml_stage3_aws_1024Mb_arm,1024,8,24
ml_stage3_aws_1024Mb_arm,ml_stage3_aws_1024Mb_arm,1024,9,24
ml_stage3_aws_1024Mb_arm,ml_stage3_aws_1024Mb_arm,1024,10,24
ml_stage3_aws_1024Mb_arm,ml_stage3_aws_1024Mb_arm,1024,12,12
ml_stage3_aws_1024Mb_arm,ml_stage3_aws_1024Mb_arm,1024,16,18
ml_stage3_aws_1024Mb_arm,ml_stage3_aws_1024Mb_arm,1024,20,20
ml_stage3_aws_1024Mb_arm,ml_stage3_aws_1024Mb_arm,1024,24,17
ml_stage3_aws_1024Mb_arm,ml_stage3_aws_1024Mb_arm,1024,28,20
ml_stage3_aws_1024Mb_x86,ml_stage3_aws_1024Mb_x86,1024,4,10
ml_stage3_aws_1024Mb_x86,ml_stage3_aws_1024Mb_x86,1024,5,10
ml_stage3_aws_1024Mb_x86,ml_stage3_aws_1024Mb_x86,1024,6,10
ml_stage3_aws_1024Mb_x86,ml_stage3_aws_1024Mb_x86,1024,7,10
ml_stage3_aws_1024Mb_x86,ml_stage3_aws_1024Mb_x86,1024,8,10
ml_stage3_aws_1024Mb_x86,ml_stage3_aws_1024Mb_x86,1024,9,10
ml_stage3_aws_1024Mb_x86,ml_stage3_aws_1024Mb_x86,1024,10,10
ml_stage3_aws_1024Mb_x86,ml_stage3_aws_1024Mb_x86,1024,12,10
ml_stage3_aws_1024Mb_x86,ml_stage3_aws_1024Mb_x86,1024,16,10
ml_stage3_aws_1024Mb_x86,ml_stage3_aws_1024Mb_x86,1024,20,10
ml_stage3_aws_1024Mb_x86,ml_stage3_aws_1024Mb_x86,1024,24,10
ml_stage3_aws_1024Mb_x86,ml_stage3_aws_1024Mb_x86,1024,28,10
ml_stage3_aws_2048Mb_arm,ml_stage3_aws_2048Mb_arm,2048,4,19
ml_stage3_aws_2048Mb_arm,ml_stage3_aws_2048Mb_arm,2048,5,19
ml_stage3_aws_2048Mb_arm,ml_stage3_aws_2048Mb_arm,2048,6,17
ml_stage3_aws_2048Mb_arm,ml_stage3_aws_2048Mb_arm,2048,7,22
ml_stage3_aws_2048Mb_arm,ml_stage3_aws_2048Mb_arm,2048,8,10
ml_stage3_aws_2048Mb_arm,ml_stage3_aws_2048Mb_arm,2048,9,13
ml_stage3_aws_2048Mb_arm,ml_stage3_aws_2048Mb_arm,2048,10,15
ml_stage3_aws_2048Mb_arm,ml_stage3_aws_2048Mb_arm,2048,12,16
ml_stage3_aws_2048Mb_arm,ml_stage3_aws_2048Mb_arm,2048,16,12
ml_stage3_aws_2048Mb_arm,ml_stage3_aws_2048Mb_arm,2048,20,24
ml_stage3_aws_2048Mb_arm,ml_stage3_aws_2048Mb_arm,2048,24,11
ml_stage3_aws_2048Mb_arm,ml_stage3_aws_2048Mb_arm,2048,28,10
ml_stage3_aws_2048Mb_x86,ml_stage3_aws_2048Mb_x86,2048,4,13
ml_stage3_aws_2048Mb_x86,ml_stage3_aws_2048Mb_x86,2048,5,14
ml_stage3_aws_2048Mb_x86,ml_stage3_aws_2048Mb_x86,2048,6,13
ml_stage3_aws_2048Mb_x86,ml_stage3_aws_2048Mb_x86,2048,7,14
ml_stage3_aws_2048Mb_x86,ml_stage3_aws_2048Mb_x86,2048,8,15
ml_stage3_aws_2048Mb_x86,ml_stage3_aws_2048Mb_x86,2048,9,14
ml_stage3_aws_2048Mb_x86,ml_stage3_aws_2048Mb_x86,2048,10,14
ml_stage3_aws_2048Mb_x86,ml_stage3_aws_2048Mb_x86,2048,12,15
ml_stage3_aws_2048Mb_x86,ml_stage3_aws_2048Mb_x86,2048,16,15
ml_stage3_aws_2048Mb_x86,ml_stage3_aws_2048Mb_x86,2048,20,15
ml_stage3_aws_2048Mb_x86,ml_stage3_aws_2048Mb_x86,2048,24,13
ml_stage3_aws_2048Mb_x86,ml_stage3_aws_2048Mb_x86,2048,28,14
ml_stage3_aws_512Mb_arm,ml_stage3_aws_512Mb_arm,512,4,16
ml_stage3_aws_512Mb_arm,ml_stage3_aws_512Mb_arm,512,5,16
ml_stage3_aws_512Mb_arm,ml_stage3_aws_512Mb_arm,512,6,16
ml_stage3_aws_512Mb_arm,ml_stage3_aws_512Mb_arm,512,7,16
ml_stage3_aws_512Mb_arm,ml_stage3_aws_512Mb_arm,512,8,16
ml_stage3_aws_512Mb_arm,ml_stage3_aws_512Mb_arm,512,9,18
ml_stage3_aws_512Mb_arm,ml_stage3_aws_512Mb_arm,512,10,16
ml_stage3_aws_512Mb_arm,ml_stage3_aws_512Mb_arm,512,12,18
ml_stage3_aws_512Mb_arm,ml_stage3_aws_512Mb_arm,512,16,16
ml_stage3_aws_512Mb_arm,ml_stage3_aws_512Mb_arm,512,20,20
ml_stage3_aws_512Mb_arm,ml_stage3_aws_512Mb_arm,512,24,16
ml_stage3_aws_512Mb_arm,ml_stage3_aws_512Mb_arm,512,28,16
ml_stage3_aws_512Mb_x86,ml_stage3_aws_512Mb_x86,512,4,10
ml_stage3_aws_512Mb_x86,ml_stage3_aws_512Mb_x86,512,5,10
ml_stage3_aws_512Mb_x86,ml_stage3_aws_512Mb_x86,512,6,10
ml_stage3_aws_512Mb_x86,ml_stage3_aws_512Mb_x86,512,7,10
ml_stage3_aws_512Mb_x86,ml_stage3_aws_512Mb_x86,512,8,10
ml_stage3_aws_512Mb_x86,ml_stage3_aws_512Mb_x86,512,9,10
ml_stage3_aws_512Mb_x86,ml_stage3_aws_512Mb_x86,512,10,10
ml_stage3_aws_512Mb_x86,ml_stage3_aws_512Mb_x86,512,12,10
ml_stage3_aws_512Mb_x86,ml_stage3_aws_512Mb_x86,512,16,9
ml_stage3_aws_512Mb_x86,ml_stage3_aws_512Mb_x86,512,20,9
ml_stage3_aws_512Mb_x86,ml_stage3_aws_512Mb_x86,512,24,10
ml_stage3_aws_512Mb_x86,ml_stage3_aws_512Mb_x86,512,28,10
pi_monte_carlo_pi_stage,pi_monte_carlo_pi_stage,2048,4,19
pi_monte_carlo_pi_stage,pi_monte_carlo_pi_stage,2048,5,18
pi_monte_carlo_pi_stage,pi_monte_carlo_pi_stage,2048,6,18
pi_monte_carlo_pi_stage,pi_monte_carlo_pi_stage,2048,7,18
pi_monte_carlo_pi_stage,pi_monte_carlo_pi_stage,2048,8,18
pi_monte_carlo_pi_stage,pi_monte_carlo_pi_stage,2048,9,18
pi_monte_carlo_pi_stage,pi_monte_carlo_pi_stage,2048,10,18
pi_monte_carlo_pi_stage,pi_monte_carlo_pi_stage,2048,12,18
pi_monte_carlo_pi_stage,pi_monte_carlo_pi_stage,2048,16,18
pi_monte_carlo_pi_stage,pi_monte_carlo_pi_stage,2048,20,18
pi_monte_carlo_pi_stage,pi_monte_carlo_pi_stage,2048,24,18
pi_monte_carlo_pi_stage,pi_monte_carlo_pi_stage,2048,28,18
pi_stage_2048Mb_x86,pi_stage_2048Mb_x86,2048,4,10
pi_stage_2048Mb_x86,pi_stage_2048Mb_x86,2048,5,10
pi_stage_2048Mb_x86,pi_stage_2048Mb_x86,2048,6,10
pi_stage_2048Mb_x86,pi_stage_2048Mb_x86,2048,7,10
pi_stage_2048Mb_x86,pi_stage_2048Mb_x86,2048,8,10
pi_stage_2048Mb_x86,pi_stage_2048Mb_x86,2048,9,10
pi_stage_2048Mb_x86,pi_stage_2048Mb_x86,2048,10,10
pi_stage_2048Mb_x86,pi_stage_2048Mb_x86,2048,12,10
pi_stage_2048Mb_x86,pi_stage_2048Mb_x86,2048,16,10
pi_stage_2048Mb_x86,pi_stage_2048Mb_x86,2048,20,10
pi_stage_2048Mb_x86,pi_stage_2048Mb_x86,2048,24,10
pi_stage_2048Mb_x86,pi_stage_2048Mb_x86,2048,28,10
pi_stage_local_1024Mb_x86,pi_stage_local_1024Mb_x86,1024,4,10
pi_stage_local_1024Mb_x86,pi_stage_local_1024Mb_x86,1024,5,10
pi_stage_local_1024Mb_x86,pi_stage_local_1024Mb_x86,1024,6,10
pi_stage_local_1024Mb_x86,pi_stage_local_1024Mb_x86,1024,7,10
pi_stage_local_1024Mb_x86,pi_stage_local_1024Mb_x86,1024,8,10
pi_stage_local_1024Mb_x86,pi_stage_local_1024Mb_x86,1024,9,10
pi_stage_local_1024Mb_x86,pi_stage_local_1024Mb_x86,1024,10,10
pi_stage_local_1024Mb_x86,pi_stage_local_1024Mb_x86,1024,12,10
pi_stage_local_1024Mb_x86,pi_stage_local_1024Mb_x86,1024,16,10
pi_stage_local_1024Mb_x86,pi_stage_local_1024Mb_x86,1024,20,10
pi_stage_local_1024Mb_x86,pi_stage_local_1024Mb_x86,1024,24,10
pi_stage_local_1024Mb_x86,pi_stage_local_1024Mb_x86,1024,28,10
pi_stage_local_2048Mb_x86,pi_stage_local_2048Mb_x86,2048,4,19
pi_stage_local_2048Mb_x86,pi_stage_local_2048Mb_x86,2048,5,18
pi_stage_local_2048Mb_x86,pi_stage_local_2048Mb_x86,2048,6,18
pi_stage_local_2048Mb_x86,pi_stage_local_2048Mb_x86,2048,7,18
pi_stage_local_2048Mb_x86,pi_stage_local_2048Mb_x86,2048,8,18
pi_stage_local_2048Mb_x86,pi_stage_local_2048Mb_x86,2048,9,18
pi_stage_local_2048Mb_x86,pi_stage_local_2048Mb_x86,2048,10,18
pi_stage_local_2048Mb_x86,pi_stage_local_2048Mb_x86,2048,12,18
pi_stage_local_2048Mb_x86,pi_stage_local_2048Mb_x86,2048,16,18
pi_stage_local_2048Mb_x86,pi_stage_local_2048Mb_x86,2048,20,18
pi_stage_local_2048Mb_x86,pi_stage_local_2048Mb_x86,2048,24,18
pi_stage_local_2048Mb_x86,pi_stage_local_2048Mb_x86,2048,28,18
pi_stage_local_512Mb_x86,pi_stage_local_512Mb_x86,512,4,10
pi_stage_local_512Mb_x86,pi_stage_local_512Mb_x86,512,5,10
pi_stage_local_512Mb_x86,pi_stage_local_512Mb_x86,512,6,10
pi_stage_local_512Mb_x86,pi_stage_local_512Mb_x86,512,7,10
pi_stage_local_512Mb_x86,pi_stage_local_512Mb_x86,512,8,10
pi_stage_local_512Mb_x86,pi_stage_local_512Mb_x86,512,9,10
pi_stage_local_512Mb_x86,pi_stage_local_512Mb_x86,512,10,10
pi_stage_local_512Mb_x86,pi_stage_local_512Mb_x86,512,12,10
pi_stage_local_512Mb_x86,pi_stage_local_512Mb_x86,512,16,10
pi_stage_local_512Mb_x86,pi_stage_local_512Mb_x86,512,20,10
pi_stage_local_512Mb_x86,pi_stage_local_512Mb_x86,512,24,10
pi_stage_local_512Mb_x86,pi_stage_local_512Mb_x86,512,28,10
titanic_stage_aws_1024Mb_arm,titanic_stage_aws_1024Mb_arm,1024,4,8
titanic_stage_aws_1024Mb_arm,titanic_stage_aws_1024Mb_arm,1024,5,8
titanic_stage_aws_1024Mb_arm,titanic_stage_aws_1024Mb_arm,1024,6,8
titanic_stage_aws_1024Mb_arm,titanic_stage_aws_1024Mb_arm,1024,7,9
titanic_stage_aws_1024Mb_arm,titanic_stage_aws_1024Mb_arm,1024,8,9
titanic_stage_aws_1024Mb_arm,titanic_stage_aws_1024Mb_arm,1024,9,9
titanic_stage_aws_1024Mb_arm,titanic_stage_aws_1024Mb_arm,1024,10,9
titanic_stage_aws_1024Mb_arm,titanic_stage_aws_1024Mb_arm,1024,12,9
titanic_stage_aws_1024Mb_arm,titanic_stage_aws_1024Mb_arm,1024,16,8
titanic_stage_aws_1024Mb_arm,titanic_stage_aws_1024Mb_arm,1024,20,9
titanic_stage_aws_1024Mb_arm,titanic_stage_aws_1024Mb_arm,1024,24,9
titanic_stage_aws_1024Mb_arm,titanic_stage_aws_1024Mb_arm,1024,28,9
titanic_stage_aws_1024Mb_x86,titanic_stage_aws_1024Mb_x86,1024,4,10
titanic_stage_aws_1024Mb_x86,titanic_stage_aws_1024Mb_x86,1024,5,10
titanic_stage_aws_1024Mb_x86,titanic_stage_aws_1024Mb_x86,1024,6,10
titanic_stage_aws_1024Mb_x86,titanic_stage_aws_1024Mb_x86,1024,7,10
titanic_stage_aws_1024Mb_x86,titanic_stage_aws_1024Mb_x86,1024,8,10
titanic_stage_aws_1024Mb_x86,titanic_stage_aws_1024Mb_x86,1024,9,10
titanic_stage_aws_1024Mb_x86,titanic_stage_aws_1024Mb_x86,1024,10,10
titanic_stage_aws_1024Mb_x86,titanic_stage_aws_1024Mb_x86,1024,12,10
titanic_stage_aws_1024Mb_x86,titanic_stage_aws_1024Mb_x86,1024,16,10
titanic_stage_aws_1024Mb_x86,titanic_stage_aws_1024Mb_x86,1024,20,10
titanic_stage_aws_1024Mb_x86,titanic_stage_aws_1024Mb_x86,1024,24,10
titanic_stage_aws_1024Mb_x86,titanic_stage_aws_1024Mb_x86,1024,28,11
titanic_stage_aws_2048Mb_arm,titanic_stage_aws_2048Mb_arm,2048,4,10
titanic_stage_aws_2048Mb_arm,titanic_stage_aws_2048Mb_arm,2048,5,10
titanic_stage_aws_2048Mb_arm,titanic_stage_aws_2048Mb_arm,2048,6,10
titanic_stage_aws_2048Mb_arm,titanic_stage_aws_2048Mb_arm,2048,7,10
titanic_stage_aws_2048Mb_arm,titanic_stage_aws_2048Mb_arm,2048,8,10
titanic_stage_aws_2048Mb_arm,titanic_stage_aws_2048Mb_arm,2048,9,10
titanic_stage_aws_2048Mb_arm,titanic_stage_aws_2048Mb_arm,2048,10,10
titanic_stage_aws_2048Mb_arm,titanic_stage_aws_2048Mb_arm,2048,12,10
titanic_stage_aws_2048Mb_arm,titanic_stage_aws_2048Mb_arm,2048,16,10
titanic_stage_aws_2048Mb_arm,titanic_stage_aws_2048Mb_arm,2048,20,10
titanic_stage_aws_2048Mb_arm,titanic_stage_aws_2048Mb_arm,2048,24,10
titanic_stage_aws_2048Mb_arm,titanic_stage_aws_2048Mb_arm,2048,28,10
titanic_stage_aws_2048Mb_x86,titanic_stage_aws_2048Mb_x86,2048,4,10
titanic_stage_aws_2048Mb_x86,titanic_stage_aws_2048Mb_x86,2048,5,10
titanic_stage_aws_2048Mb_x86,titanic_stage_aws_2048Mb_x86,2048,6,10
titanic_stage_aws_2048Mb_x86,titanic_stage_aws_2048Mb_x86,2048,7,10
titanic_stage_aws_2048Mb_x86,titanic_stage_aws_2048Mb_x86,2048,8,10
titanic_stage_aws_2048Mb_x86,titanic_stage_aws_2048Mb_x86,2048,9,10
titanic_stage_aws_2048Mb_x86,titanic_stage_aws_2048Mb_x86,2048,10,10
titanic_stage_aws_2048Mb_x86,titanic_stage_aws_2048Mb_x86,2048,12,10
titanic_stage_aws_2048Mb_x86,titanic_stage_aws_2048Mb_x86,2048,16,10
titanic_stage_aws_2048Mb_x86,titanic_stage_aws_2048Mb_x86,2048,20,10
titanic_stage_aws_2048Mb_x86,titanic_stage_aws_2048Mb_x86,2048,24,10
titanic_stage_aws_2048Mb_x86,titanic_stage_aws_2048Mb_x86,2048,28,10
titanic_stage_aws_512Mb_arm,titanic_stage_aws_512Mb_arm,512,12,5
titanic_stage_aws_512Mb_arm,titanic_stage_aws_512Mb_arm,512,16,5
titanic_stage_aws_512Mb_arm,titanic_stage_aws_512Mb_arm,512,20,5
titanic_stage_aws_512Mb_arm,titanic_stage_aws_512Mb_arm,512,24,5
titanic_stage_aws_512Mb_arm,titanic_stage_aws_512Mb_arm,512,28,5
titanic_stage_aws_512Mb_x86,titanic_stage_aws_512Mb_x86,512,12,17
titanic_stage_aws_512Mb_x86,titanic_stage_aws_512Mb_x86,512,16,17
titanic_stage_aws_512Mb_x86,titanic_stage_aws_512Mb_x86,512,20,17
titanic_stage_aws_512Mb_x86,titanic_stage_aws_512Mb_x86,512,24,17
titanic_stage_aws_512Mb_x86,titanic_stage_aws_512Mb_x86,512,28,17
video_stage0_aws_1024Mb_arm,video_stage0_aws_1024Mb_arm,1024,4,8
video_stage0_aws_1024Mb_arm,video_stage0_aws_1024Mb_arm,1024,5,13
video_stage0_aws_1024Mb_arm,video_stage0_aws_1024Mb_arm,1024,6,12
video_stage0_aws_1024Mb_arm,video_stage0_aws_1024Mb_arm,1024,7,12
video_stage0_aws_1024Mb_arm,video_stage0_aws_1024Mb_arm,1024,8,11
video_stage0_aws_1024Mb_arm,video_stage0_aws_1024Mb_arm,1024,9,11
video_stage0_aws_1024Mb_arm,video_stage0_aws_1024Mb_arm,1024,10,13
video_stage0_aws_1024Mb_arm,video_stage0_aws_1024Mb_arm,1024,12,15
video_stage0_aws_1024Mb_arm,video_stage0_aws_1024Mb_arm,1024,16,14
video_stage0_aws_1024Mb_arm,video_stage0_aws_1024Mb_arm,1024,20,15
video_stage0_aws_1024Mb_arm,video_stage0_aws_1024Mb_arm,1024,24,13
video_stage0_aws_1024Mb_arm,video_stage0_aws_1024Mb_arm,1024,28,15
video_stage0_aws_1024Mb_x86,video_stage0_aws_1024Mb_x86,1024,4,10
video_stage0_aws_1024Mb_x86,video_stage0_aws_1024Mb_x86,1024,5,9
video_stage0_aws_1024Mb_x86,video_stage0_aws_1024Mb_x86,1024,6,9
video_stage0_aws_1024Mb_x86,video_stage0_aws_1024Mb_x86,1024,7,9
video_stage0_aws_1024Mb_x86,video_stage0_aws_1024Mb_x86,1024,8,10
video_stage0_aws_1024Mb_x86,video_stage0_aws_1024Mb_x86,1024,9,11
video_stage0_aws_1024Mb_x86,video_stage0_aws_1024Mb_x86,1024,10,12
video_stage0_aws_1024Mb_x86,video_stage0_aws_1024Mb_x86,1024,12,11
video_stage0_aws_1024Mb_x86,video_stage0_aws_1024Mb_x86,1024,16,12
video_stage0_aws_1024Mb_x86,video_stage0_aws_1024Mb_x86,1024,20,13
video_stage0_aws_1024Mb_x86,video_stage0_aws_1024Mb_x86,1024,24,12
video_stage0_aws_1024Mb_x86,video_stage0_aws_1024Mb_x86,1024,28,14
video_stage0_aws_2048Mb_arm,video_stage0_aws_2048Mb_arm,2048,4,11
video_stage0_aws_2048Mb_arm,video_stage0_aws_2048Mb_arm,2048,5,12
video_stage0_aws_2048Mb_arm,video_stage0_aws_2048Mb_arm,2048,6,10
video_stage0_aws_2048Mb_arm,video_stage0_aws_2048Mb_arm,2048,7,9
video_stage0_aws_2048Mb_arm,video_stage0_aws_2048Mb_arm,2048,8,12
video_stage0_aws_2048Mb_arm,video_stage0_aws_2048Mb_arm,2048,9,10
video_stage0_aws_2048Mb_arm,video_stage0_aws_2048Mb_arm,2048,10,9
video_stage0_aws_2048Mb_arm,video_stage0_aws_2048Mb_arm,2048,12,9
video_stage0_aws_2048Mb_arm,video_stage0_aws_2048Mb_arm,2048,16,11
video_stage0_aws_2048Mb_arm,video_stage0_aws_2048Mb_arm,2048,20,11
video_stage0_aws_2048Mb_arm,video_stage0_aws_2048Mb_arm,2048,24,10
video_stage0_aws_2048Mb_arm,video_stage0_aws_2048Mb_arm,2048,28,11
video_stage0_aws_2048Mb_x86,video_stage0_aws_2048Mb_x86,2048,4,8
video_stage0_aws_2048Mb_x86,video_stage0_aws_2048Mb_x86,2048,5,8
video_stage0_aws_2048Mb_x86,video_stage0_aws_2048Mb_x86,2048,6,8
video_stage0_aws_2048Mb_x86,video_stage0_aws_2048Mb_x86,2048,7,8
video_stage0_aws_2048Mb_x86,video_stage0_aws_2048Mb_x86,2048,8,8
video_stage0_aws_2048Mb_x86,video_stage0_aws_2048Mb_x86,2048,9,8
video_stage0_aws_2048Mb_x86,video_stage0_aws_2048Mb_x86,2048,10,8
video_stage0_aws_2048Mb_x86,video_stage0_aws_2048Mb_x86,2048,12,9
video_stage0_aws_2048Mb_x86,video_stage0_aws_2048Mb_x86,2048,16,8
video_stage0_aws_2048Mb_x86,video_stage0_aws_2048Mb_x86,2048,20,8
video_stage0_aws_2048Mb_x86,video_stage0_aws_2048Mb_x86,2048,24,8
video_stage0_aws_2048Mb_x86,video_stage0_aws_2048Mb_x86,2048,28,8
video_stage0_aws_512Mb_arm,video_stage0_aws_512Mb_arm,512,4,8
video_stage0_aws_512Mb_arm,video_stage0_aws_512Mb_arm,512,5,7
video_stage0_aws_512Mb_arm,video_stage0_aws_512Mb_arm,512,6,7
video_stage0_aws_512Mb_arm,video_stage0_aws_512Mb_arm,512,7,8
video_stage0_aws_512Mb_arm,video_stage0_aws_512Mb_arm,512,8,8
video_stage0_aws_512Mb_arm,video_stage0_aws_512Mb_arm,512,9,8
video_stage0_aws_512Mb_arm,video_stage0_aws_512Mb_arm,512,10,8
video_stage0_aws_512Mb_arm,video_stage0_aws_512Mb_arm,512,12,8
video_stage0_aws_512Mb_arm,video_stage0_aws_512Mb_arm,512,16,8
video_stage0_aws_512Mb_arm,video_stage0_aws_512Mb_arm,512,20,7
video_stage0_aws_512Mb_arm,video_stage0_aws_512Mb_arm,512,24,7
video_stage0_aws_512Mb_arm,video_stage0_aws_512Mb_arm,512,28,8
video_stage0_aws_512Mb_x86,video_stage0_aws_512Mb_x86,512,4,7
video_stage0_aws_512Mb_x86,video_stage0_aws_512Mb_x86,512,5,7
video_stage0_aws_512Mb_x86,video_stage0_aws_512Mb_x86,512,6,8
video_stage0_aws_512Mb_x86,video_stage0_aws_512Mb_x86,512,7,8
video_stage0_aws_512Mb_x86,video_stage0_aws_512Mb_x86,512,8,8
video_stage0_aws_512Mb_x86,video_stage0_aws_512Mb_x86,512,9,8
video_stage0_aws_512Mb_x86,video_stage0_aws_512Mb_x86,512,10,7
video_stage0_aws_512Mb_x86,video_stage0_aws_512Mb_x86,512,12,7
video_stage0_aws_512Mb_x86,video_stage0_aws_512Mb_x86,512,16,8
video_stage0_aws_512Mb_x86,video_stage0_aws_512Mb_x86,512,20,8
video_stage0_aws_512Mb_x86,video_stage0_aws_512Mb_x86,512,24,8
video_stage0_aws_512Mb_x86,video_stage0_aws_512Mb_x86,512,28,8
video_stage0_local_1024_x86,video_stage0_local_1024_x86,1024,4,11
video_stage0_local_1024_x86,video_stage0_local_1024_x86,1024,5,11
video_stage0_local_1024_x86,video_stage0_local_1024_x86,1024,6,11
video_stage0_local_1024_x86,video_stage0_local_1024_x86,1024,7,11
video_stage0_local_1024_x86,video_stage0_local_1024_x86,1024,8,11
video_stage0_local_1024_x86,video_stage0_local_1024_x86,1024,9,11
video_stage0_local_1024_x86,video_stage0_local_1024_x86,1024,10,11
video_stage0_local_1024_x86,video_stage0_local_1024_x86,1024,12,11
video_stage0_local_1024_x86,video_stage0_local_1024_x86,1024,16,11
video_stage0_local_1024_x86,video_stage0_local_1024_x86,1024,20,11
video_stage0_local_1024_x86,video_stage0_local_1024_x86,1024,24,11
video_stage0_local_1024_x86,video_stage0_local_1024_x86,1024,28,11
video_stage0_local_2048_x86,video_stage0_local_2048_x86,2048,4,12
video_stage0_local_2048_x86,video_stage0_local_2048_x86,2048,5,12
video_stage0_local_2048_x86,video_stage0_local_2048_x86,2048,6,12
video_stage0_local_2048_x86,video_stage0_local_2048_x86,2048,7,12
video_stage0_local_2048_x86,video_stage0_local_2048_x86,2048,8,12
video_stage0_local_2048_x86,video_stage0_local_2048_x86,2048,9,12
video_stage0_local_2048_x86,video_stage0_local_2048_x86,2048,10,12
video_stage0_local_2048_x86,video_stage0_local_2048_x86,2048,12,12
video_stage0_local_2048_x86,video_stage0_local_2048_x86,2048,16,12
video_stage0_local_2048_x86,video_stage0_local_2048_x86,2048,20,12
video_stage0_local_2048_x86,video_stage0_local_2048_x86,2048,24,12
video_stage0_local_2048_x86,video_stage0_local_2048_x86,2048,28,12
video_stage0_local_512_x86,video_stage0_local_512_x86,512,4,11
video_stage0_local_512_x86,video_stage0_local_512_x86,512,5,11
video_stage0_local_512_x86,video_stage0_local_512_x86,512,6,11
video_stage0_local_512_x86,video_stage0_local_512_x86,512,7,11
video_stage0_local_512_x86,video_stage0_local_512_x86,512,8,11
video_stage0_local_512_x86,video_stage0_local_512_x86,512,9,11
video_stage0_local_512_x86,video_stage0_local_512_x86,512,10,11
video_stage0_local_512_x86,video_stage0_local_512_x86,512,12,11
video_stage0_local_512_x86,video_stage0_local_512_x86,512,16,11
video_stage0_local_512_x86,video_stage0_local_512_x86,512,20,11
video_stage0_local_512_x86,video_stage0_local_512_x86,512,24,11
video_stage0_local_512_x86,video_stage0_local_512_x86,512,28,11
video_stage1_aws_1024Mb_arm,video_stage1_aws_1024Mb_arm,1024,4,8
video_stage1_aws_1024Mb_arm,video_stage1_aws_1024Mb_arm,1024,5,13
video_stage1_aws_1024Mb_arm,video_stage1_aws_1024Mb_arm,1024,6,12
video_stage1_aws_1024Mb_arm,video_stage1_aws_1024Mb_arm,1024,7,12
video_stage1_aws_1024Mb_arm,video_stage1_aws_1024Mb_arm,1024,8,11
video_stage1_aws_1024Mb_arm,video_stage1_aws_1024Mb_arm,1024,9,11
video_stage1_aws_1024Mb_arm,video_stage1_aws_1024Mb_arm,1024,10,13
video_stage1_aws_1024Mb_arm,video_stage1_aws_1024Mb_arm,1024,12,15
video_stage1_aws_1024Mb_arm,video_stage1_aws_1024Mb_arm,1024,16,14
video_stage1_aws_1024Mb_arm,video_stage1_aws_1024Mb_arm,1024,20,15
video_stage1_aws_1024Mb_arm,video_stage1_aws_1024Mb_arm,1024,24,13
video_stage1_aws_1024Mb_arm,video_stage1_aws_1024Mb_arm,1024,28,15
video_stage1_aws_1024Mb_x86,video_stage1_aws_1024Mb_x86,1024,4,10
video_stage1_aws_1024Mb_x86,video_stage1_aws_1024Mb_x86,1024,5,9
video_stage1_aws_1024Mb_x86,video_stage1_aws_1024Mb_x86,1024,6,9
video_stage1_aws_1024Mb_x86,video_stage1_aws_1024Mb_x86,1024,7,9
video_stage1_aws_1024Mb_x86,video_stage1_aws_1024Mb_x86,1024,8,10
video_stage1_aws_1024Mb_x86,video_stage1_aws_1024Mb_x86,1024,9,11
video_stage1_aws_1024Mb_x86,video_stage1_aws_1024Mb_x86,1024,10,12
video_stage1_aws_1024Mb_x86,video_stage1_aws_1024Mb_x86,1024,12,11
video_stage1_aws_1024Mb_x86,video_stage1_aws_1024Mb_x86,1024,16,12
video_stage1_aws_1024Mb_x86,video_stage1_aws_1024Mb_x86,1024,20,13
video_stage1_aws_1024Mb_x86,video_stage1_aws_1024Mb_x86,1024,24,12
video_stage1_aws_1024Mb_x86,video_stage1_aws_1024Mb_x86,1024,28,14
video_stage1_aws_2048Mb_arm,video_stage1_aws_2048Mb_arm,2048,4,11
video_stage1_aws_2048Mb_arm,video_stage1_aws_2048Mb_arm,2048,5,12
video_stage1_aws_2048Mb_arm,video_stage1_aws_2048Mb_arm,2048,6,10
video_stage1_aws_2048Mb_arm,video_stage1_aws_2048Mb_arm,2048,7,9
video_stage1_aws_2048Mb_arm,video_stage1_aws_2048Mb_arm,2048,8,13
video_stage1_aws_2048Mb_arm,video_stage1_aws_2048Mb_arm,2048,9,10
video_stage1_aws_2048Mb_arm,video_stage1_aws_2048Mb_arm,2048,10,9
video_stage1_aws_2048Mb_arm,video_stage1_aws_2048Mb_arm,2048,12,9
video_stage1_aws_2048Mb_arm,video_stage1_aws_2048Mb_arm,2048,16,12
video_stage1_aws_2048Mb_arm,video_stage1_aws_2048Mb_arm,2048,20,11
video_stage1_aws_2048Mb_arm,video_stage1_aws_2048Mb_arm,2048,24,10
video_stage1_aws_2048Mb_arm,video_stage1_aws_2048Mb_arm,2048,28,11
video_stage1_aws_2048Mb_x86,video_stage1_aws_2048Mb_x86,2048,4,8
video_stage1_aws_2048Mb_x86,video_stage1_aws_2048Mb_x86,2048,5,8
video_stage1_aws_2048Mb_x86,video_stage1_aws_2048Mb_x86,2048,6,8
video_stage1_aws_2048Mb_x86,video_stage1_aws_2048Mb_x86,2048,7,8
video_stage1_aws_2048Mb_x86,video_stage1_aws_2048Mb_x86,2048,8,8
video_stage1_aws_2048Mb_x86,video_stage1_aws_2048Mb_x86,2048,9,8
video_stage1_aws_2048Mb_x86,video_stage1_aws_2048Mb_x86,2048,10,8
video_stage1_aws_2048Mb_x86,video_stage1_aws_2048Mb_x86,2048,12,9
video_stage1_aws_2048Mb_x86,video_stage1_aws_2048Mb_x86,2048,16,8
video_stage1_aws_2048Mb_x86,video_stage1_aws_2048Mb_x86,2048,20,8
video_stage1_aws_2048Mb_x86,video_stage1_aws_2048Mb_x86,2048,24,8
video_stage1_aws_2048Mb_x86,video_stage1_aws_2048Mb_x86,2048,28,8
video_stage1_aws_512Mb_arm,video_stage1_aws_512Mb_arm,512,4,8
video_stage1_aws_512Mb_arm,video_stage1_aws_512Mb_arm,512,5,7
video_stage1_aws_512Mb_arm,video_stage1_aws_512Mb_arm,512,6,7
video_stage1_aws_512Mb_arm,video_stage1_aws_512Mb_arm,512,7,8
video_stage1_aws_512Mb_arm,video_stage1_aws_512Mb_arm,512,8,8
video_stage1_aws_512Mb_arm,video_stage1_aws_512Mb_arm,512,9,8
video_stage1_aws_512Mb_arm,video_stage1_aws_512Mb_arm,512,10,8
video_stage1_aws_512Mb_arm,video_stage1_aws_512Mb_arm,512,12,8
video_stage1_aws_512Mb_arm,video_stage1_aws_512Mb_arm,512,16,8
video_stage1_aws_512Mb_arm,video_stage1_aws_512Mb_arm,512,20,7
video_stage1_aws_512Mb_arm,video_stage1_aws_512Mb_arm,512,24,7
video_stage1_aws_512Mb_arm,video_stage1_aws_512Mb_arm,512,28,8
video_stage1_aws_512Mb_x86,video_stage1_aws_512Mb_x86,512,4,7
video_stage1_aws_512Mb_x86,video_stage1_aws_512Mb_x86,512,5,7
video_stage1_aws_512Mb_x86,video_stage1_aws_512Mb_x86,512,6,8
video_stage1_aws_512Mb_x86,video_stage1_aws_512Mb_x86,512,7,8
video_stage1_aws_512Mb_x86,video_stage1_aws_512Mb_x86,512,8,8
video_stage1_aws_512Mb_x86,video_stage1_aws_512Mb_x86,512,9,8
video_stage1_aws_512Mb_x86,video_stage1_aws_512Mb_x86,512,10,7
video_stage1_aws_512Mb_x86,video_stage1_aws_512Mb_x86,512,12,7
video_stage1_aws_512Mb_x86,video_stage1_aws_512Mb_x86,512,16,8
video_stage1_aws_512Mb_x86,video_stage1_aws_512Mb_x86,512,20,8
video_stage1_aws_512Mb_x86,video_stage1_aws_512Mb_x86,512,24,8
video_stage1_aws_512Mb_x86,video_stage1_aws_512Mb_x86,512,28,8
video_stage1_local_1024_x86,video_stage1_local_1024_x86,1024,4,11
video_stage1_local_1024_x86,video_stage1_local_1024_x86,1024,5,11
video_stage1_local_1024_x86,video_stage1_local_1024_x86,1024,6,11
video_stage1_local_1024_x86,video_stage1_local_1024_x86,1024,7,11
video_stage1_local_1024_x86,video_stage1_local_1024_x86,1024,8,11
video_stage1_local_1024_x86,video_stage1_local_1024_x86,1024,9,11
video_stage1_local_1024_x86,video_stage1_local_1024_x86,1024,10,11
video_stage1_local_1024_x86,video_stage1_local_1024_x86,1024,12,11
video_stage1_local_1024_x86,video_stage1_local_1024_x86,1024,16,11
video_stage1_local_1024_x86,video_stage1_local_1024_x86,1024,20,11
video_stage1_local_1024_x86,video_stage1_local_1024_x86,1024,24,11
video_stage1_local_1024_x86,video_stage1_local_1024_x86,1024,28,11
video_stage1_local_2048_x86,video_stage1_local_2048_x86,2048,4,12
video_stage1_local_2048_x86,video_stage1_local_2048_x86,2048,5,12
video_stage1_local_2048_x86,video_stage1_local_2048_x86,2048,6,12
video_stage1_local_2048_x86,video_stage1_local_2048_x86,2048,7,12
video_stage1_local_2048_x86,video_stage1_local_2048_x86,2048,8,12
video_stage1_local_2048_x86,video_stage1_local_2048_x86,2048,9,12
video_stage1_local_2048_x86,video_stage1_local_2048_x86,2048,10,12
video_stage1_local_2048_x86,video_stage1_local_2048_x86,2048,12,12
video_stage1_local_2048_x86,video_stage1_local_2048_x86,2048,16,12
video_stage1_local_2048_x86,video_stage1_local_2048_x86,2048,20,12
video_stage1_local_2048_x86,video_stage1_local_2048_x86,2048,24,12
video_stage1_local_2048_x86,video_stage1_local_2048_x86,2048,28,12
video_stage1_local_512_x86,video_stage1_local_512_x86,512,4,11
video_stage1_local_512_x86,video_stage1_local_512_x86,512,5,11
video_stage1_local_512_x86,video_stage1_local_512_x86,512,6,11
video_stage1_local_512_x86,video_stage1_local_512_x86,512,7,11
video_stage1_local_512_x86,video_stage1_local_512_x86,512,8,11
video_stage1_local_512_x86,video_stage1_local_512_x86,512,9,11
video_stage1_local_512_x86,video_stage1_local_512_x86,512,10,11
video_stage1_local_512_x86,video_stage1_local_512_x86,512,12,11
video_stage1_local_512_x86,video_stage1_local_512_x86,512,16,11
video_stage1_local_512_x86,video_stage1_local_512_x86,512,20,11
video_stage1_local_512_x86,video_stage1_local_512_x86,512,24,11
video_stage1_local_512_x86,video_stage1_local_512_x86,512,28,11
video_stage2_aws_1024Mb_arm,video_stage2_aws_1024Mb_arm,1024,4,8
video_stage2_aws_1024Mb_arm,video_stage2_aws_1024Mb_arm,1024,5,13
video_stage2_aws_1024Mb_arm,video_stage2_aws_1024Mb_arm,1024,6,12
video_stage2_aws_1024Mb_arm,video_stage2_aws_1024Mb_arm,1024,7,12
video_stage2_aws_1024Mb_arm,video_stage2_aws_1024Mb_arm,1024,8,11
video_stage2_aws_1024Mb_arm,video_stage2_aws_1024Mb_arm,1024,9,11
video_stage2_aws_1024Mb_arm,video_stage2_aws_1024Mb_arm,1024,10,13
video_stage2_aws_1024Mb_arm,video_stage2_aws_1024Mb_arm,1024,12,15
video_stage2_aws_1024Mb_arm,video_stage2_aws_1024Mb_arm,1024,16,14
video_stage2_aws_1024Mb_arm,video_stage2_aws_1024Mb_arm,1024,20,15
video_stage2_aws_1024Mb_arm,video_stage2_aws_1024Mb_arm,1024,24,13
video_stage2_aws_1024Mb_arm,video_stage2_aws_1024Mb_arm,1024,28,15
video_stage2_aws_1024Mb_x86,video_stage2_aws_1024Mb_x86,1024,4,10
video_stage2_aws_1024Mb_x86,video_stage2_aws_1024Mb_x86,1024,5,9
video_stage2_aws_1024Mb_x86,video_stage2_aws_1024Mb_x86,1024,6,9
video_stage2_aws_1024Mb_x86,video_stage2_aws_1024Mb_x86,1024,7,9
video_stage2_aws_1024Mb_x86,video_stage2_aws_1024Mb_x86,1024,8,10
video_stage2_aws_1024Mb_x86,video_stage2_aws_1024Mb_x86,1024,9,11
video_stage2_aws_1024Mb_x86,video_stage2_aws_1024Mb_x86,1024,10,12
video_stage2_aws_1024Mb_x86,video_stage2_aws_1024Mb_x86,1024,12,11
video_stage2_aws_1024Mb_x86,video_stage2_aws_1024Mb_x86,1024,16,12
video_stage2_aws_1024Mb_x86,video_stage2_aws_1024Mb_x86,1024,20,13
video_stage2_aws_1024Mb_x86,video_stage2_aws_1024Mb_x86,1024,24,12
video_stage2_aws_1024Mb_x86,video_stage2_aws_1024Mb_x86,1024,28,14
video_stage2_aws_2048Mb_arm,video_stage2_aws_2048Mb_arm,2048,4,11
video_stage2_aws_2048Mb_arm,video_stage2_aws_2048Mb_arm,2048,5,12
video_stage2_aws_2048Mb_arm,video_stage2_aws_2048Mb_arm,2048,6,10
video_stage2_aws_2048Mb_arm,video_stage2_aws_2048Mb_arm,2048,7,9
video_stage2_aws_2048Mb_arm,video_stage2_aws_2048Mb_arm,2048,8,13
video_stage2_aws_2048Mb_arm,video_stage2_aws_2048Mb_arm,2048,9,10
video_stage2_aws_2048Mb_arm,video_stage2_aws_2048Mb_arm,2048,10,9
video_stage2_aws_2048Mb_arm,video_stage2_aws_2048Mb_arm,2048,12,9
video_stage2_aws_2048Mb_arm,video_stage2_aws_2048Mb_arm,2048,16,12
video_stage2_aws_2048Mb_arm,video_stage2_aws_2048Mb_arm,2048,20,11
video_stage2_aws_2048Mb_arm,video_stage2_aws_2048Mb_arm,2048,24,10
video_stage2_aws_2048Mb_arm,video_stage2_aws_2048Mb_arm,2048,28,11
video_stage2_aws_2048Mb_x86,video_stage2_aws_2048Mb_x86,2048,4,8
video_stage2_aws_2048Mb_x86,video_stage2_aws_2048Mb_x86,2048,5,8
video_stage2_aws_2048Mb_x86,video_stage2_aws_2048Mb_x86,2048,6,8
video_stage2_aws_2048Mb_x86,video_stage2_aws_2048Mb_x86,2048,7,8
video_stage2_aws_2048Mb_x86,video_stage2_aws_2048Mb_x86,2048,8,8
video_stage2_aws_2048Mb_x86,video_stage2_aws_2048Mb_x86,2048,9,8
video_stage2_aws_2048Mb_x86,video_stage2_aws_2048Mb_x86,2048,10,8
video_stage2_aws_2048Mb_x86,video_stage2_aws_2048Mb_x86,2048,12,9
video_stage2_aws_2048Mb_x86,video_stage2_aws_2048Mb_x86,2048,16,8
video_stage2_aws_2048Mb_x86,video_stage2_aws_2048Mb_x86,2048,20,8
video_stage2_aws_2048Mb_x86,video_stage2_aws_2048Mb_x86,2048,24,8
video_stage2_aws_2048Mb_x86,video_stage2_aws_2048Mb_x86,2048,28,8
video_stage2_aws_512Mb_arm,video_stage2_aws_512Mb_arm,512,4,8
video_stage2_aws_512Mb_arm,video_stage2_aws_512Mb_arm,512,5,7
video_stage2_aws_512Mb_arm,video_stage2_aws_512Mb_arm,512,6,7
video_stage2_aws_512Mb_arm,video_stage2_aws_512Mb_arm,512,7,8
video_stage2_aws_512Mb_arm,video_stage2_aws_512Mb_arm,512,8,8
video_stage2_aws_512Mb_arm,video_stage2_aws_512Mb_arm,512,9,8
video_stage2_aws_512Mb_arm,video_stage2_aws_512Mb_arm,512,10,8
video_stage2_aws_512Mb_arm,video_stage2_aws_512Mb_arm,512,12,8
video_stage2_aws_512Mb_arm,video_stage2_aws_512Mb_arm,512,16,8
video_stage2_aws_512Mb_arm,video_stage2_aws_512Mb_arm,512,20,7
video_stage2_aws_512Mb_arm,video_stage2_aws_512Mb_arm,512,24,7
video_stage2_aws_512Mb_arm,video_stage2_aws_512Mb_arm,512,28,8
video_stage2_aws_512Mb_x86,video_stage2_aws_512Mb_x86,512,4,7
video_stage2_aws_512Mb_x86,video_stage2_aws_512Mb_x86,512,5,7
video_stage2_aws_512Mb_x86,video_stage2_aws_512Mb_x86,512,6,8
video_stage2_aws_512Mb_x86,video_stage2_aws_512Mb_x86,512,7,8
video_stage2_aws_512Mb_x86,video_stage2_aws_512Mb_x86,512,8,8
video_stage2_aws_512Mb_x86,video_stage2_aws_512Mb_x86,512,9,8
video_stage2_aws_512Mb_x86,video_stage2_aws_512Mb_x86,512,10,7
video_stage2_aws_512Mb_x86,video_stage2_aws_512Mb_x86,512,12,7
video_stage2_aws_512Mb_x86,video_stage2_aws_512Mb_x86,512,16,8
video_stage2_aws_512Mb_x86,video_stage2_aws_512Mb_x86,512,20,8
video_stage2_aws_512Mb_x86,video_stage2_aws_512Mb_x86,512,24,8
video_stage2_aws_512Mb_x86,video_stage2_aws_512Mb_x86,512,28,8
video_stage2_local_1024_x86,video_stage2_local_1024_x86,1024,4,11
video_stage2_local_1024_x86,video_stage2_local_1024_x86,1024,5,11
video_stage2_local_1024_x86,video_stage2_local_1024_x86,1024,6,11
video_stage2_local_1024_x86,video_stage2_local_1024_x86,1024,7,11
video_stage2_local_1024_x86,video_stage2_local_1024_x86,1024,8,11
video_stage2_local_1024_x86,video_stage2_local_1024_x86,1024,9,11
video_stage2_local_1024_x86,video_stage2_local_1024_x86,1024,10,11
video_stage2_local_1024_x86,video_stage2_local_1024_x86,1024,12,11
video_stage2_local_1024_x86,video_stage2_local_1024_x86,1024,16,11
video_stage2_local_1024_x86,video_stage2_local_1024_x86,1024,20,11
video_stage2_local_1024_x86,video_stage2_local_1024_x86,1024,24,11
video_stage2_local_1024_x86,video_stage2_local_1024_x86,1024,28,11
video_stage2_local_2048_x86,video_stage2_local_2048_x86,2048,4,12
video_stage2_local_2048_x86,video_stage2_local_2048_x86,2048,5,12
video_stage2_local_2048_x86,video_stage2_local_2048_x86,2048,6,12
video_stage2_local_2048_x86,video_stage2_local_2048_x86,2048,7,12
video_stage2_local_2048_x86,video_stage2_local_2048_x86,2048,8,12
video_stage2_local_2048_x86,video_stage2_local_2048_x86,2048,9,12
video_stage2_local_2048_x86,video_stage2_local_2048_x86,2048,10,12
video_stage2_local_2048_x86,video_stage2_local_2048_x86,2048,12,12
video_stage2_local_2048_x86,video_stage2_local_2048_x86,2048,16,12
video_stage2_local_2048_x86,video_stage2_local_2048_x86,2048,20,12
video_stage2_local_2048_x86,video_stage2_local_2048_x86,2048,24,12
video_stage2_local_2048_x86,video_stage2_local_2048_x86,2048,28,12
video_stage2_local_512_x86,video_stage2_local_512_x86,512,4,11
video_stage2_local_512_x86,video_stage2_local_512_x86,512,5,11
video_stage2_local_512_x86,video_stage2_local_512_x86,512,6,11
video_stage2_local_512_x86,video_stage2_local_512_x86,512,7,11
video_stage2_local_512_x86,video_stage2_local_512_x86,512,8,11
video_stage2_local_512_x86,video_stage2_local_512_x86,512,9,11
video_stage2_local_512_x86,video_stage2_local_512_x86,512,10,11
video_stage2_local_512_x86,video_stage2_local_512_x86,512,12,11
video_stage2_local_512_x86,video_stage2_local_512_x86,512,16,11
video_stage2_local_512_x86,video_stage2_local_512_x86,512,20,11
video_stage2_local_512_x86,video_stage2_local_512_x86,512,24,11
video_stage2_local_512_x86,video_stage2_local_512_x86,512,28,11
video_stage3_aws_1024Mb_arm,video_stage3_aws_1024Mb_arm,1024,4,8
video_stage3_aws_1024Mb_arm,video_stage3_aws_1024Mb_arm,1024,5,13
video_stage3_aws_1024Mb_arm,video_stage3_aws_1024Mb_arm,1024,6,12
video_stage3_aws_1024Mb_arm,video_stage3_aws_1024Mb_arm,1024,7,12
video_stage3_aws_1024Mb_arm,video_stage3_aws_1024Mb_arm,1024,8,11
video_stage3_aws_1024Mb_arm,video_stage3_aws_1024Mb_arm,1024,9,11
video_stage3_aws_1024Mb_arm,video_stage3_aws_1024Mb_arm,1024,10,13
video_stage3_aws_1024Mb_arm,video_stage3_aws_1024Mb_arm,1024,12,15
video_stage3_aws_1024Mb_arm,video_stage3_aws_1024Mb_arm,1024,16,14
video_stage3_aws_1024Mb_arm,video_stage3_aws_1024Mb_arm,1024,20,15
video_stage3_aws_1024Mb_arm,video_stage3_aws_1024Mb_arm,1024,24,13
video_stage3_aws_1024Mb_arm,video_stage3_aws_1024Mb_arm,1024,28,15
video_stage3_aws_1024Mb_x86,video_stage3_aws_1024Mb_x86,1024,4,10
video_stage3_aws_1024Mb_x86,video_stage3_aws_1024Mb_x86,1024,5,9
video_stage3_aws_1024Mb_x86,video_stage3_aws_1024Mb_x86,1024,6,9
video_stage3_aws_1024Mb_x86,video_stage3_aws_1024Mb_x86,1024,7,9
video_stage3_aws_1024Mb_x86,video_stage3_aws_1024Mb_x86,1024,8,10
video_stage3_aws_1024Mb_x86,video_stage3_aws_1024Mb_x86,1024,9,11
video_stage3_aws_1024Mb_x86,video_stage3_aws_1024Mb_x86,1024,10,12
video_stage3_aws_1024Mb_x86,video_stage3_aws_1024Mb_x86,1024,12,11
video_stage3_aws_1024Mb_x86,video_stage3_aws_1024Mb_x86,1024,16,12
video_stage3_aws_1024Mb_x86,video_stage3_aws_1024Mb_x86,1024,20,13
video_stage3_aws_1024Mb_x86,video_stage3_aws_1024Mb_x86,1024,24,12
video_stage3_aws_1024Mb_x86,video_stage3_aws_1024Mb_x86,1024,28,14
video_stage3_aws_2048Mb_arm,video_stage3_aws_2048Mb_arm,2048,4,11
video_stage3_aws_2048Mb_arm,video_stage3_aws_2048Mb_arm,2048,5,12
video_stage3_aws_2048Mb_arm,video_stage3_aws_2048Mb_arm,2048,6,10
video_stage3_aws_2048Mb_arm,video_stage3_aws_2048Mb_arm,2048,7,9
video_stage3_aws_2048Mb_arm,video_stage3_aws_2048Mb_arm,2048,8,12
video_stage3_aws_2048Mb_arm,video_stage3_aws_2048Mb_arm,2048,9,10
video_stage3_aws_2048Mb_arm,video_stage3_aws_2048Mb_arm,2048,10,9
video_stage3_aws_2048Mb_arm,video_stage3_aws_2048Mb_arm,2048,12,9
video_stage3_aws_2048Mb_arm,video_stage3_aws_2048Mb_arm,2048,16,11
video_stage3_aws_2048Mb_arm,video_stage3_aws_2048Mb_arm,2048,20,11
video_stage3_aws_2048Mb_arm,video_stage3_aws_2048Mb_arm,2048,24,10
video_stage3_aws_2048Mb_arm,video_stage3_aws_2048Mb_arm,2048,28,11
video_stage3_aws_2048Mb_x86,video_stage3_aws_2048Mb_x86,2048,4,8
video_stage3_aws_2048Mb_x86,video_stage3_aws_2048Mb_x86,2048,5,8
video_stage3_aws_2048Mb_x86,video_stage3_aws_2048Mb_x86,2048,6,8
video_stage3_aws_2048Mb_x86,video_stage3_aws_2048Mb_x86,2048,7,8
video_stage3_aws_2048Mb_x86,video_stage3_aws_2048Mb_x86,2048,8,8
video_stage3_aws_2048Mb_x86,video_stage3_aws_2048Mb_x86,2048,9,8
video_stage3_aws_2048Mb_x86,video_stage3_aws_2048Mb_x86,2048,10,8
video_stage3_aws_2048Mb_x86,video_stage3_aws_2048Mb_x86,2048,12,9
video_stage3_aws_2048Mb_x86,video_stage3_aws_2048Mb_x86,2048,16,8
video_stage3_aws_2048Mb_x86,video_stage3_aws_2048Mb_x86,2048,20,8
video_stage3_aws_2048Mb_x86,video_stage3_aws_2048Mb_x86,2048,24,8
video_stage3_aws_2048Mb_x86,video_stage3_aws_2048Mb_x86,2048,28,8
video_stage3_aws_512Mb_arm,video_stage3_aws_512Mb_arm,512,4,8
video_stage3_aws_512Mb_arm,video_stage3_aws_512Mb_arm,512,5,7
video_stage3_aws_512Mb_arm,video_stage3_aws_512Mb_arm,512,6,7
video_stage3_aws_512Mb_arm,video_stage3_aws_512Mb_arm,512,7,8
video_stage3_aws_512Mb_arm,video_stage3_aws_512Mb_arm,512,8,8
video_stage3_aws_512Mb_arm,video_stage3_aws_512Mb_arm,512,9,8
video_stage3_aws_512Mb_arm,video_stage3_aws_512Mb_arm,512,10,8
video_stage3_aws_512Mb_arm,video_stage3_aws_512Mb_arm,512,12,8
video_stage3_aws_512Mb_arm,video_stage3_aws_512Mb_arm,512,16,8
video_stage3_aws_512Mb_arm,video_stage3_aws_512Mb_arm,512,20,7
video_stage3_aws_512Mb_arm,video_stage3_aws_512Mb_arm,512,24,7
video_stage3_aws_512Mb_arm,video_stage3_aws_512Mb_arm,512,28,8
video_stage3_aws_512Mb_x86,video_stage3_aws_512Mb_x86,512,4,7
video_stage3_aws_512Mb_x86,video_stage3_aws_512Mb_x86,512,5,7
video_stage3_aws_512Mb_x86,video_stage3_aws_512Mb_x86,512,6,8
video_stage3_aws_512Mb_x86,video_stage3_aws_512Mb_x86,512,7,8
video_stage3_aws_512Mb_x86,video_stage3_aws_512Mb_x86,512,8,8
video_stage3_aws_512Mb_x86,video_stage3_aws_512Mb_x86,512,9,8
video_stage3_aws_512Mb_x86,video_stage3_aws_512Mb_x86,512,10,7
video_stage3_aws_512Mb_x86,video_stage3_aws_512Mb_x86,512,12,7
video_stage3_aws_512Mb_x86,video_stage3_aws_512Mb_x86,512,16,8
video_stage3_aws_512Mb_x86,video_stage3_aws_512Mb_x86,512,20,8
video_stage3_aws_512Mb_x86,video_stage3_aws_512Mb_x86,512,24,8
video_stage3_aws_512Mb_x86,video_stage3_aws_512Mb_x86,512,28,8
video_stage3_local_1024_x86,video_stage3_local_1024_x86,1024,4,11
video_stage3_local_1024_x86,video_stage3_local_1024_x86,1024,5,11
video_stage3_local_1024_x86,video_stage3_local_1024_x86,1024,6,11
video_stage3_local_1024_x86,video_stage3_local_1024_x86,1024,7,11
video_stage3_local_1024_x86,video_stage3_local_1024_x86,1024,8,11
video_stage3_local_1024_x86,video_stage3_local_1024_x86,1024,9,11
video_stage3_local_1024_x86,video_stage3_local_1024_x86,1024,10,11
video_stage3_local_1024_x86,video_stage3_local_1024_x86,1024,12,11
video_stage3_local_1024_x86,video_stage3_local_1024_x86,1024,16,11
video_stage3_local_1024_x86,video_stage3_local_1024_x86,1024,20,11
video_stage3_local_1024_x86,video_stage3_local_1024_x86,1024,24,11
video_stage3_local_1024_x86,video_stage3_local_1024_x86,1024,28,11
video_stage3_local_2048_x86,video_stage3_local_2048_x86,2048,4,12
video_stage3_local_2048_x86,video_stage3_local_2048_x86,2048,5,12
video_stage3_local_2048_x86,video_stage3_local_2048_x86,2048,6,12
video_stage3_local_2048_x86,video_stage3_local_2048_x86,2048,7,12
video_stage3_local_2048_x86,video_stage3_local_2048_x86,2048,8,12
video_stage3_local_2048_x86,video_stage3_local_2048_x86,2048,9,12
video_stage3_local_2048_x86,video_stage3_local_2048_x86,2048,10,12
video_stage3_local_2048_x86,video_stage3_local_2048_x86,2048,12,12
video_stage3_local_2048_x86,video_stage3_local_2048_x86,2048,16,12
video_stage3_local_2048_x86,video_stage3_local_2048_x86,2048,20,12
video_stage3_local_2048_x86,video_stage3_local_2048_x86,2048,24,12
video_stage3_local_2048_x86,video_stage3_local_2048_x86,2048,28,12
video_stage3_local_512_x86,video_stage3_local_512_x86,512,4,11
video_stage3_local_512_x86,video_stage3_local_512_x86,512,5,11
video_stage3_local_512_x86,video_stage3_local_512_x86,512,6,11
video_stage3_local_512_x86,video_stage3_local_512_x86,512,7,11
video_stage3_local_512_x86,video_stage3_local_512_x86,512,8,11
video_stage3_local_512_x86,video_stage3_local_512_x86,512,9,11
video_stage3_local_512_x86,video_stage3_local_512_x86,512,10,11
video_stage3_local_512_x86,video_stage3_local_512_x86,512,12,11
video_stage3_local_512_x86,video_stage3_local_512_x86,512,16,11
video_stage3_local_512_x86,video_stage3_local_512_x86,512,20,11
video_stage3_local_512_x86,video_stage3_local_512_x86,512,24,11
video_stage3_local_512_x86,video_stage3_local_512_x86,512,28,11
