Architecture,Memory_MB,Workers,Stage,Example,Executions,Compute_Time_s,Energy_J,Cost_dollars
x86,512,4,stage3,ml,10,3.854360580444336,1364.6981183271407,0.12850438175201415
x86,512,5,stage3,ml,10,3.933221459388733,1720.838128168583,0.16391700432002546
x86,512,6,stage3,ml,10,4.007861638069153,2094.721461482048,0.20043316051983837
x86,512,7,stage3,ml,10,4.059470558166504,2421.5035033025742,0.23684980971622474
x86,512,8,stage3,ml,10,4.112745451927185,2866.389592752457,0.27423786673450473
x86,512,9,stage3,ml,10,4.195767736434936,3267.9828126111033,0.31474551674866674
x86,512,10,stage3,ml,10,4.308981823921203,3807.3939558696748,0.35915363502383235
x86,512,12,stage3,ml,10,4.424480009078979,4574.593526103973,0.4425364905080795
x86,512,16,stage3,ml,9,4.81985608736674,6020.819227455987,0.6427760078112286
x86,512,20,stage3,ml,9,5.051013496186998,7755.544723611407,0.8420039498143727
x86,512,24,stage3,ml,10,5.574599719047546,10363.438940185548,1.1151429277982712
x86,512,28,stage3,ml,10,5.55474967956543,11439.958810319902,1.29636748021698
x86,2048,4,stage,pi,19,35.69385689496994,17279.059214614696,4.760132755513191
x86,2048,5,stage,pi,18,28.783149263593884,19603.987478201918,4.7981509822411015
x86,2048,6,stage,pi,18,24.915900965531666,23986.974667663642,4.984176829144955
x86,2048,7,stage,pi,18,22.76903930542961,30475.81140687112,5.313838393101163
x86,2048,8,stage,pi,18,21.725622379117542,37246.701876200335,5.794658000958231
x86,2048,9,stage,pi,18,19.31458870717037,37416.507526463676,5.795535487473542
x86,2048,10,stage,pi,18,17.364883736769357,38567.26191172563,5.789452237838905
x86,2048,12,stage,pi,18,14.153670854038662,38733.331868300236,5.662600635283788
x86,2048,16,stage,pi,18,11.84444365898768,53379.749656856664,6.318300025450389
x86,2048,20,stage,pi,18,9.522930343283548,56308.86270353559,6.349889952901471
x86,2048,24,stage,pi,18,8.616857331108164,69854.6608345933,6.89486456205951
x86,2048,28,stage,pi,18,7.366427194504511,72677.26662918594,6.876707114613851
x86,1024,4,stage0,video,11,5.050138993696733e-06,1314.171520943642,3.367432680996982e-07
x86,1024,5,stage0,video,11,5.375255237926137e-06,1711.8660866558548,4.480275240811435e-07
x86,1024,6,stage0,video,11,5.375255237926137e-06,1930.9509962975976,5.376330288973722e-07
x86,1024,7,stage0,video,11,5.353580821644176e-06,2320.901159527898,6.24709346077659e-07
x86,1024,8,stage0,video,11,5.9387900612571025e-06,2481.493077712059,7.919970425692473e-07
x86,1024,9,stage0,video,11,6.242231889204546e-06,3165.5972692841287,9.365220503373582e-07
x86,1024,10,stage0,video,11,6.112185391512784e-06,3283.064728933573,1.0189013047651812e-06
x86,1024,12,stage0,video,11,5.765394731001421e-06,3978.36835415125,1.153309561989524e-06
x86,1024,16,stage0,video,11,5.201859907670454e-06,5204.54485874176,1.3874400745738635e-06
x86,1024,20,stage0,video,11,5.266883156516335e-06,6531.393139421939,1.7559788443825465e-06
x86,1024,24,stage0,video,11,5.9604644775390625e-06,8263.007323408126,2.3846626281738283e-06
x86,1024,28,stage0,video,11,5.310231989080256e-06,9412.152419838905,2.4786038832231e-06
x86,512,4,stage0,video,7,122.5113367012569,13383.072310785567,4.084527965619905
x86,512,5,stage0,video,7,124.75470181873867,17342.967330510277,5.199152198295934
x86,512,6,stage0,video,8,141.26577338576317,22582.7175957191,7.064701327022017
x86,512,7,stage0,video,8,137.0710137784481,26448.53294970602,7.997408298903555
x86,512,8,stage0,video,8,140.88722693920135,29527.403346426487,9.394360292305947
x86,512,9,stage0,video,8,141.27687573432922,35745.43150787115,10.597884833210706
x86,512,10,stage0,video,7,147.34040996006556,39623.717428806856,12.280823170171466
x86,512,12,stage0,video,7,145.36466349874223,46307.966710162844,14.539373643144199
x86,512,16,stage0,video,8,140.72875586152077,65119.49982895851,18.76758688169241
x86,512,20,stage0,video,8,136.7704881131649,77673.80469034909,22.79964036846459
x86,512,24,stage0,video,8,143.40992215275764,99478.70622041702,28.687720827437644
x86,512,28,stage0,video,8,132.88631439208984,108634.12621314288,31.013008052825928
x86,512,4,stage1,video,11,6.69739463112571e-06,1526.2743583929537,2.232911370017312e-07
x86,512,5,stage1,video,11,8.483366532759232e-06,2266.5037992352245,3.53544300252741e-07
x86,512,6,stage1,video,11,7.148944970333215e-06,2447.065669034124,3.575187379663641e-07
x86,512,7,stage1,video,11,7.400264987697849e-06,3074.585516624451,4.31768460707231e-07
x86,512,8,stage1,video,11,7.632103833285244e-06,3550.530050576329,5.089086836034601e-07
x86,512,9,stage1,video,11,8.144763985065498e-06,4092.9504172825814,6.109794703396885e-07
x86,512,10,stage1,video,11,8.006529374556107e-06,4583.907053733468,6.673442233692516e-07
x86,512,12,stage1,video,11,7.949092171408914e-06,5539.021646223664,7.950681989843197e-07
x86,512,16,stage1,video,11,8.205121213739568e-06,7400.598639756441,1.0942349650643088e-06
x86,512,20,stage1,video,11,7.961013100363991e-06,9282.074665282964,1.3271008838306775e-06
x86,512,24,stage1,video,11,8.350068872625178e-06,11176.685331130027,1.6703477772799407e-06
x86,512,28,stage1,video,11,8.667444253896738e-06,13579.450750320555,2.022808139974421e-06
ARM,512,4,stage0,ml,16,5.870146298270508,644.6762492868626,0.15661550323785714
ARM,512,5,stage0,ml,16,5.691862250878313,787.3213809294526,0.18982360606679174
ARM,512,6,stage0,ml,16,5.5659046577082085,957.8790947682713,0.22274750440148247
ARM,512,7,stage0,ml,16,5.560912881837067,1137.5531601764603,0.2596390224529726
ARM,512,8,stage0,ml,16,5.592642024472445,1283.8171227148816,0.29842337842584965
ARM,512,9,stage0,ml,18,5.5492852071949255,1420.9200420907073,0.3331235909879114
ARM,512,10,stage0,ml,16,5.683189527530981,1613.7850063084554,0.3790687414863165
ARM,512,12,stage0,ml,18,5.73047616896889,1930.4249187828368,0.4586673125642699
ARM,512,16,stage0,ml,16,5.7938638676412095,2659.980080837957,0.6183211519546699
ARM,512,20,stage0,ml,20,5.576064325721736,3265.766400805697,0.7438469810512797
ARM,512,24,stage0,ml,16,5.736800393876761,4079.057718512399,0.9183470070517918
ARM,512,28,stage0,ml,16,5.6212280916603525,4508.063290378674,1.0498205583984872
ARM,1024,4,stage1,ml,12,45.266330080884536,5578.815039720839,2.4154113731159987
ARM,1024,5,stage1,ml,12,44.93753927714533,6878.330292646555,2.9973338697855936
ARM,1024,6,stage1,ml,12,44.87742000949581,8284.24331687303,3.5919886975600446
ARM,1024,7,stage1,ml,12,44.992164208761835,9686.556779638182,4.20136829381418
ARM,1024,8,stage1,ml,24,44.96751708154093,11060.408146101101,4.7989334229420475
ARM,1024,9,stage1,ml,24,45.065820113378514,12422.459840752383,5.410602362812224
ARM,1024,10,stage1,ml,24,45.30356394946016,13921.04127568889,6.043495430857986
ARM,1024,12,stage1,ml,12,45.15889807838918,16609.369644142982,7.229036404388539
ARM,1024,16,stage1,ml,18,45.32260641103442,22263.197863250592,9.673657112371187
ARM,1024,20,stage1,ml,20,45.496021780197715,27913.328946395763,12.13833861095675
ARM,1024,24,stage1,ml,17,45.339826654976335,33404.28183788164,14.515998901857225
ARM,1024,28,stage1,ml,20,45.267406988879145,38993.841505384116,16.908281858486138
ARM,1024,4,stage3,video,8,13.405992776155472,1964.0287887215613,0.7153437745356559
ARM,1024,5,stage3,video,13,13.411843850062443,2457.4862177922173,0.8945699847991648
ARM,1024,6,stage3,video,12,12.32038414478302,2750.2197707831856,0.986123546948433
ARM,1024,7,stage3,video,12,11.986460149288177,3111.6778670410313,1.1192956487405301
ARM,1024,8,stage3,video,11,10.420346715233542,3156.9244683872566,1.1120594014497236
ARM,1024,9,stage3,video,11,15.164694265885787,4933.21776036566,1.8206731935622475
ARM,1024,10,stage3,video,13,19.736966059758114,7038.654096530035,2.6329112723717323
ARM,1024,12,stage3,video,15,19.724721511205036,8303.335447149277,3.157533419513702
ARM,1024,16,stage3,video,14,14.572309817586627,8423.075583485195,3.1103138074656895
ARM,1024,20,stage3,video,15,13.992217985788981,10223.281293090187,3.7331237586085
ARM,1024,24,stage3,video,13,14.17143757526691,12355.164165621536,4.537127454097455
ARM,1024,28,stage3,video,15,16.709508832295736,16556.90299529076,6.241335739039103
x86,1024,4,stage2,video,10,0.5416481852531433,946.0168034877778,0.0361171009926796
x86,1024,5,stage2,video,9,0.3560924688975016,1021.2866084120009,0.029680307282606764
x86,1024,6,stage2,video,9,0.2963844626038163,1184.4119705896908,0.029644373949633707
x86,1024,7,stage2,video,9,0.2528893569159129,1369.7135472684438,0.02950965905851788
x86,1024,8,stage2,video,10,0.22108688354492187,1530.3830768215655,0.02948414678955078
x86,1024,9,stage2,video,11,0.20385505213881983,1683.3064238476754,0.03058437347238714
x86,1024,10,stage2,video,12,0.18009088039398194,1858.3846282029153,0.03002114976167679
x86,1024,12,stage2,video,11,0.1447154933756048,2207.007153456211,0.028948887294855986
x86,1024,16,stage2,video,12,0.11218484863638878,2889.3681538722917,0.029921942828297618
x86,1024,20,stage2,video,13,0.07852153319578904,3490.83164143654,0.026179079167476065
x86,1024,24,stage2,video,12,0.07166472325722377,4324.751619607607,0.028671622480750086
x86,1024,28,stage2,video,14,0.2184536061724838,4868.221349076032,0.10196540521706855
x86,1024,4,stage0,ml,10,2.8865458965301514,1608.8532488183976,0.1924748803806305
x86,1024,5,stage0,ml,10,2.8967915773391724,1976.0154541933534,0.24144757797122002
x86,1024,6,stage0,ml,10,2.96238911151886,2391.2047961683274,0.2962981589341164
x86,1024,7,stage0,ml,10,2.9064040184020996,2859.0237574744224,0.33914828490734106
x86,1024,8,stage0,ml,10,2.978647804260254,3251.050708837509,0.3972324711761475
x86,1024,9,stage0,ml,10,3.0153785228729246,3546.1102137172225,0.4523972397866249
x86,1024,10,stage0,ml,10,2.9220870971679687,3936.5679766869544,0.4871119190979004
x86,1024,12,stage0,ml,10,2.9515037059783937,5015.063061381341,0.590418801343918
x86,1024,16,stage0,ml,10,3.03133111000061,6667.636892433166,0.8085166336593629
x86,1024,20,stage0,ml,10,3.0300745964050293,7995.252705469131,1.010226870441437
x86,1024,24,stage0,ml,10,3.133161473274231,9887.478750005721,1.2535152422275542
x86,1024,28,stage0,ml,10,2.9055173635482787,11092.153229650497,1.3561792846097949
ARM,512,4,stage3,video,8,29.00318080186844,1961.1131668806074,0.7738048637938499
ARM,512,5,stage3,video,7,29.91769882610866,2510.9003069571086,0.9977552558507238
ARM,512,6,stage3,video,7,23.802194595336914,2484.8582732370924,0.9525638277053832
ARM,512,7,stage3,video,8,23.76241335272789,2883.617690359056,1.109467079438865
ARM,512,8,stage3,video,8,23.886302828788757,3315.0571428179737,1.274573118944168
ARM,512,9,stage3,video,8,23.74680069088936,3667.361605967581,1.4255204454740882
ARM,512,10,stage3,video,8,23.721339643001556,4059.4880682677035,1.5822133541882037
ARM,512,12,stage3,video,8,23.74305123090744,4871.9431174099445,1.9003938205218314
ARM,512,16,stage3,video,8,38.20590651035309,9992.579979681968,4.077334342784881
ARM,512,20,stage3,video,7,27.147393941879272,9243.750801188606,3.6214623518466946
ARM,512,24,stage3,video,7,23.719474179404124,9827.993617834363,3.7970134266390114
ARM,512,28,stage3,video,8,26.81470164656639,12744.120542949438,5.007913679512739
ARM,1024,4,stage,titanic,8,63.77793858200312,7860.907910700142,3.403190802735686
ARM,1024,5,stage,titanic,8,48.221961772441865,7582.023119585216,3.216404850221872
ARM,1024,6,stage,titanic,8,37.94128341476122,7302.452557574214,3.0368203245174885
ARM,1024,7,stage,titanic,9,31.720780421817114,7253.808443085351,2.9620864757892815
ARM,1024,8,stage,titanic,9,26.841130395730335,7177.109066882399,2.864485435832341
ARM,1024,9,stage,titanic,9,23.1667071742776,7138.375916600228,2.7813948633437686
ARM,1024,10,stage,titanic,9,20.629433523284064,7140.126140564017,2.751966432006094
ARM,1024,12,stage,titanic,9,16.504764828417038,7156.9881679773325,2.6420827537329994
ARM,1024,16,stage,titanic,8,11.78282055258751,7433.196524925531,2.5149252187442777
ARM,1024,20,stage,titanic,9,9.13997180726793,7751.553341309229,2.4385444781790837
ARM,1024,24,stage,titanic,9,7.3711497485637665,7922.141279804706,2.3599473035001752
ARM,1024,28,stage,titanic,9,6.262075244434296,8554.230767623583,2.339010345301098
ARM,1024,4,stage0,video,8,88.12997603416443,8435.131574887038,4.702615521183014
ARM,1024,5,stage0,video,13,87.79453479326688,10492.939544929906,5.8558954707109
ARM,1024,6,stage0,video,12,88.07013710339864,12607.954306024312,7.049133773756027
ARM,1024,7,stage0,video,12,87.93026987711589,14637.40568083326,8.210928601125081
ARM,1024,8,stage0,video,11,87.98323178291321,16751.329274715077,9.389570495872498
ARM,1024,9,stage0,video,11,87.65903741663152,18800.704475400667,10.52434403224078
ARM,1024,10,stage0,video,13,88.02662776066707,20989.76175857507,11.742752143272986
ARM,1024,12,stage0,video,15,87.695627450943,25129.14217464447,14.038316042346954
ARM,1024,16,stage0,video,14,87.87603783607483,33518.89855094637,18.75626151573181
ARM,1024,20,stage0,video,15,87.69560852050782,41796.11755741437,23.397188353271485
ARM,1024,24,stage0,video,13,87.49807893312894,49816.843691341695,28.013384951230563
ARM,1024,28,stage0,video,15,87.79853088061014,58630.803339656195,32.794507254525506
ARM,1024,4,stage2,ml,12,2.755187837483513,729.5553501704826,0.14701682300812025
ARM,1024,5,stage2,ml,12,2.804299137769404,943.8982910919065,0.1870467524892193
ARM,1024,6,stage2,ml,12,2.8358766622114087,1170.0208548785097,0.22698356804340114
ARM,1024,7,stage2,ml,12,2.7583558145777323,1364.7369635094403,0.2575752659652686
ARM,1024,8,stage2,ml,24,2.7846964235584193,1587.6473657366637,0.2971828023221545
ARM,1024,9,stage2,ml,24,2.8152090246953727,1827.3832360540405,0.3379939955049265
ARM,1024,10,stage2,ml,24,2.867930978812464,2122.989811061109,0.3825819925735826
ARM,1024,12,stage2,ml,12,2.8253225962206874,2589.7157612595965,0.4522776412030076
ARM,1024,16,stage2,ml,18,2.825107190217,3692.46822722016,0.6029908786799164
ARM,1024,20,stage2,ml,20,3.3945270317109166,6033.613792307878,0.9056598120604724
ARM,1024,24,stage2,ml,17,3.0279756238767215,6756.823995256543,0.9694366757403712
ARM,1024,28,stage2,ml,20,2.8178724967827806,7614.609249877403,1.052531734998304
x86,512,12,stage,titanic,17,37.63165360922907,17196.51526289926,3.7639179939950917
x86,512,16,stage,titanic,17,26.614789976793176,17569.59178922078,3.5493483913051382
x86,512,20,stage,titanic,17,20.419353213029748,17904.63805969561,3.4039061806120596
x86,512,24,stage,titanic,17,16.204002355828006,18146.65011032203,3.2414486312598343
x86,512,28,stage,titanic,17,13.64897928869023,19196.566673418354,3.185398786394526
x86,1024,4,stage3,ml,10,1.8791247606277466,1376.7492730131148,0.12530003903865813
x86,1024,5,stage3,ml,10,1.9093313932418823,1738.6161548936368,0.1591427716267109
x86,1024,6,stage3,ml,10,1.9673075199127197,2072.279837612629,0.1967700981416702
x86,1024,7,stage3,ml,10,2.039276623725891,2418.843013453245,0.23796318922257423
x86,1024,8,stage3,ml,10,2.0458600759506225,2836.8896447830202,0.27283589972877503
x86,1024,9,stage3,ml,10,2.151179575920105,3148.8377107372285,0.32274147177529333
x86,1024,10,stage3,ml,10,2.2297837495803834,3419.9091055774693,0.3717049510550499
x86,1024,12,stage3,ml,10,2.2791232109069823,4215.667854083062,0.4559158071098327
x86,1024,16,stage3,ml,10,2.479843187332153,6291.152457771302,0.6614237749252319
x86,1024,20,stage3,ml,10,2.5821465730667112,7973.899940047266,0.8608876674604417
x86,1024,24,stage3,ml,10,2.810562539100647,9527.816267326354,1.1244498606433866
x86,1024,28,stage3,ml,10,2.9133142471313476,11730.067320925711,1.359818557991028
x86,1024,4,stage1,video,10,9.40350604057312,2950.4529305350784,0.6270257827854158
x86,1024,5,stage1,video,9,6.786352909935845,2928.206512465742,0.5656425150431527
x86,1024,6,stage1,video,9,5.642215154789112,3112.473955075211,0.5643343597820071
x86,1024,7,stage1,video,9,4.835886240005493,3339.9350942691162,0.564299565346241
x86,1024,8,stage1,video,10,4.240519177913666,3511.1389791953566,0.5655156375665665
x86,1024,9,stage1,video,11,3.7602428378480854,3707.0519368004793,0.5641492329623483
x86,1024,10,stage1,video,12,3.3650089065233866,3917.803363211552,0.5609469847174485
x86,1024,12,stage1,video,11,2.831050253275669,4337.146965315342,0.5663232926652648
x86,1024,16,stage1,video,12,2.1242629711826644,5095.0442083835605,0.5665834196738403
x86,1024,20,stage1,video,13,1.6296877136597268,5672.0761014987875,0.5433378837341529
x86,1024,24,stage1,video,12,1.4546859396828546,6671.2321162205935,0.5819907507483165
x86,1024,28,stage1,video,14,1.3103532377554445,7797.598183864695,0.6116204772547313
x86,1024,4,stage3,video,11,5.873766812411222e-06,1541.0263947105404,3.916627710515803e-07
x86,1024,5,stage3,video,11,6.849115545099432e-06,1875.1534313112497,5.708737806840376e-07
x86,1024,6,stage3,video,11,6.328929554332387e-06,2417.6680429816242,6.330195340243253e-07
x86,1024,7,stage3,video,11,6.65404579856179e-06,2633.1207493621114,7.764606042341753e-07
x86,1024,8,stage3,video,11,7.455999200994318e-06,2988.536677231789,9.943320534446024e-07
x86,1024,9,stage3,video,11,5.7220458984375e-06,3215.091954712271,8.584785461425782e-07
x86,1024,10,stage3,video,11,6.979162042791193e-06,3671.9209944248205,1.163426312533292e-06
x86,1024,12,stage3,video,11,6.870789961381392e-06,4675.402944867611,1.3744328238747338e-06
x86,1024,16,stage3,video,11,6.068836558948863e-06,5889.06663980484,1.6186800870028409e-06
x86,1024,20,stage3,video,11,5.526976151899858e-06,6830.462728250027,1.842693849043413e-06
x86,1024,24,stage3,video,11,5.74372031471946e-06,8858.013319845199,2.2979476235129616e-06
x86,1024,28,stage3,video,11,5.050138993696733e-06,10099.343918538094,2.3572028766978873e-06
ARM,512,4,stage1,ml,16,68.935010501345,4120.811108032829,1.8391860801758846
ARM,512,5,stage1,ml,16,92.44330990816647,6799.328721409132,3.0829843854373515
ARM,512,6,stage1,ml,16,92.4109758365981,8120.160791788412,3.6982872529806556
ARM,512,7,stage1,ml,16,91.44922753230522,9379.79430744306,4.26976443348333
ARM,512,8,stage1,ml,16,91.82554010154777,10748.576990954192,4.899810819818589
ARM,512,9,stage1,ml,18,91.09861209136523,12067.015218885897,5.468649683844655
ARM,512,10,stage1,ml,16,92.0771535578406,13533.211610922288,6.141546142307968
ARM,512,12,stage1,ml,18,92.39168540014316,16179.077989344882,7.395030499427458
ARM,512,16,stage1,ml,16,92.03380763636211,21505.429276170522,9.821847950952565
ARM,512,20,stage1,ml,20,92.73409325815673,27085.356729544455,12.370728040638108
ARM,512,24,stage1,ml,16,91.47921886127317,32069.327595071343,14.643993355312606
ARM,512,28,stage1,ml,16,91.95458778776738,37655.3665485368,17.173438815243433
x86,512,4,stage0,video,11,5.223534323952415e-06,1266.9822819137573,1.7415263436057354e-07
x86,512,5,stage0,video,11,5.570324984463778e-06,1618.5025604367254,2.3214329372752795e-07
x86,512,6,stage0,video,11,5.223534323952415e-06,1974.9542529916764,2.612289515408603e-07
x86,512,7,stage0,video,11,5.9604644775390625e-06,2342.2175797039267,3.477632999420166e-07
x86,512,8,stage0,video,11,4.898418079723012e-06,2496.58869161129,3.266265175559304e-07
x86,512,9,stage0,video,11,5.310231989080256e-06,3077.470671812296,3.9834705266085544e-07
x86,512,10,stage0,video,11,5.310231989080256e-06,3050.156526875496,4.426078362898394e-07
x86,512,12,stage0,video,11,5.288557572798296e-06,4076.2649007439613,5.289615284312856e-07
x86,512,16,stage0,video,11,6.242231889204546e-06,5594.513922176361,8.324640447443183e-07
x86,512,20,stage0,video,11,5.635348233309659e-06,6940.995742809773,9.394125504927202e-07
x86,512,24,stage0,video,11,5.331906405362216e-06,7722.32967897892,1.0665945573286578e-06
x86,512,28,stage0,video,11,4.681673916903409e-06,8814.430599164963,1.0926090587269177e-06
x86,2048,4,stage1,ml,13,38.114929341352905,15534.204771703571,5.0830069769628246
x86,2048,5,stage1,ml,14,37.72668161392212,19376.28108485903,6.289037825040817
x86,2048,6,stage1,ml,13,37.13630026731736,22713.358941678816,7.428745505474166
x86,2048,7,stage1,ml,14,36.701650186460846,26257.60906719293,8.565431120516234
x86,2048,8,stage1,ml,15,35.92267435590426,29870.253463607787,9.581295704206784
x86,2048,9,stage1,ml,14,35.30431202479771,33511.17859360576,10.593411866160801
x86,2048,10,stage1,ml,14,34.32678203923361,36539.675953711274,11.444549131880487
x86,2048,12,stage1,ml,15,33.84936047130161,44251.89433255894,13.542452137358348
x86,2048,16,stage1,ml,15,32.26052048802376,59053.67786076052,17.209052049131397
x86,2048,20,stage1,ml,15,31.315170685450237,73659.12514515145,20.880955813058222
x86,2048,24,stage1,ml,13,31.26378067334493,88158.55337496116,25.01602674358368
x86,2048,28,stage1,ml,14,30.762776808471095,103442.78560188685,28.717667406243937
x86,2048,4,stage3,video,8,8.761248409748077,4430.805740212202,1.1684000879240037
x86,2048,5,stage3,video,8,8.54958114027977,5362.043638449908,1.4252151760846379
x86,2048,6,stage3,video,8,8.115664720535278,6875.801950487494,1.6234575706958774
x86,2048,7,stage3,video,8,8.657639920711517,7936.561772318482,2.020520004695654
x86,2048,8,stage3,video,8,9.165204614400864,8888.45046238184,2.4445433747529988
x86,2048,9,stage3,video,8,8.756337136030197,10377.627165712416,2.627426521037221
x86,2048,10,stage3,video,8,8.839065700769424,11658.888478833436,2.9469445046365266
x86,2048,12,stage3,video,9,8.643209563361275,14045.88112203916,3.457975282109579
x86,2048,16,stage3,video,8,7.934614300727844,18207.86067018032,4.232640652580262
x86,2048,20,stage3,video,8,8.125719100236893,22933.78859491348,5.418229496037961
x86,2048,24,stage3,video,8,7.619480133056641,28372.08486136436,6.096803223266602
x86,2048,28,stage3,video,8,7.645205140113831,32773.31569731355,7.136951902399064
ARM,2048,4,stage2,video,11,0.3936150074005127,428.79632009918043,0.04200659358978271
ARM,2048,5,stage2,video,12,0.4835575540860494,663.7690611124038,0.06450657771507898
ARM,2048,6,stage2,video,10,0.31390703121821084,642.9639641928673,0.05025023755741119
ARM,2048,7,stage2,video,9,0.22380221836150638,663.0396919104787,0.04179730230119493
ARM,2048,8,stage2,video,13,0.3340630393761855,898.3752553646381,0.07130241512445303
ARM,2048,9,stage2,video,10,0.209484953350491,902.0340372669697,0.0503015269985199
ARM,2048,10,stage2,video,9,0.22564338578118218,1101.4230666187075,0.060201655326419405
ARM,2048,12,stage2,video,9,0.1323921040252403,1047.8171355658108,0.042386656024720935
ARM,2048,16,stage2,video,12,0.11679045607646306,1480.4435587128003,0.049855509889920546
ARM,2048,20,stage2,video,11,0.09396783221851696,1806.9272637724875,0.050141235271800644
ARM,2048,24,stage2,video,10,0.06693370838960012,1965.9281025397777,0.04285899215602875
ARM,2048,28,stage2,video,11,0.08470000384689925,2341.706581762704,0.06327429087378761
ARM,512,4,stage2,video,8,1.6696255877614021,458.6617612108588,0.04454561068147421
ARM,512,5,stage2,video,7,1.3815904004233224,549.54737484966,0.046076039854117797
ARM,512,6,stage2,video,7,0.9085012617565337,561.3215263758387,0.036358220495496474
ARM,512,7,stage2,video,8,0.771915682724544,621.2546775311232,0.03604074322640896
ARM,512,8,stage2,video,8,0.68055459856987,698.1911499977111,0.03631439337968826
ARM,512,9,stage2,video,8,0.5968646539582146,749.917993247509,0.03582978517711162
ARM,512,10,stage2,video,8,0.5373037070035934,829.8299351006746,0.03583815725713968
ARM,512,12,stage2,video,8,0.44654850165049237,951.8674262404442,0.035741742072105405
ARM,512,16,stage2,video,8,0.5406123772263527,1638.1250422343612,0.05769415289759636
ARM,512,20,stage2,video,7,0.3081545472145081,1616.750654739993,0.04110781659841537
ARM,512,24,stage2,video,7,0.22071904085931324,1870.340260888849,0.035332704060758856
ARM,512,28,stage2,video,8,0.21616090408393315,2181.749679133296,0.040370210446715356
ARM,2048,4,stage0,ml,19,1.6183748290960072,829.8257446589897,0.17271296176112585
ARM,2048,5,stage0,ml,19,1.5975279545890826,1035.3442053739784,0.2131102291421836
ARM,2048,6,stage0,ml,17,1.64102938574662,1281.5017941648227,0.2626959840703189
ARM,2048,7,stage0,ml,22,1.5854134282852486,1484.974197538617,0.296091811866553
ARM,2048,8,stage0,ml,10,1.5935732979187756,1686.0380248355125,0.34013228470778345
ARM,2048,9,stage0,ml,13,1.589306069915528,1884.755927373907,0.38162417350811656
ARM,2048,10,stage0,ml,15,1.636412412907308,2104.972483601007,0.43659483176366976
ARM,2048,12,stage0,ml,16,1.571419396068874,2483.9330989616524,0.5031056338454106
ARM,2048,16,stage0,ml,12,1.6196675901291198,3340.7974746777372,0.6914037008743186
ARM,2048,20,stage0,ml,24,1.5968638001106361,4181.63244968184,0.8520865237390354
ARM,2048,24,stage0,ml,15,1.666155479010006,5014.124669433688,1.066872676319687
ARM,2048,28,stage0,ml,14,1.604217365762221,6292.344277082239,1.1984145409190095
x86,2048,4,stage,titanic,10,46.18901126384735,17973.86514025712,6.159766542146683
x86,2048,5,stage,titanic,10,34.69965172290802,17596.50861051297,5.7844319422087676
x86,2048,6,stage,titanic,10,26.86113052368164,16946.95026795864,5.373300549957276
x86,2048,7,stage,titanic,10,22.659559093202862,16641.40750911117,5.288287901171684
x86,2048,8,stage,titanic,10,19.09744275510311,16675.558794661523,5.093669931641102
x86,2048,9,stage,titanic,10,16.33102467589908,16520.414782600164,4.900287264250278
x86,2048,10,stage,titanic,10,14.258900482654571,16536.688797316077,4.753917420917034
x86,2048,12,stage,titanic,10,11.048948832352956,16483.416944091798,4.420463448847771
x86,2048,16,stage,titanic,10,7.67659285068512,17311.530141560794,4.095001690269471
x86,2048,20,stage,titanic,10,5.867799799442292,18204.133354605674,3.912648906268121
x86,2048,24,stage,titanic,10,4.640465543667475,18648.910076221226,3.713114909420968
x86,2048,28,stage,titanic,10,3.9432177816118514,20596.92351185584,3.6810726634902964
x86,512,4,stage2,ml,10,5.994594120979309,1753.7318283486368,0.1998597679934502
x86,512,5,stage2,ml,10,5.95509970664978,2216.662289832115,0.2481787802746296
x86,512,6,stage2,ml,10,5.942490895589192,2681.0722533113953,0.2971839696884156
x86,512,7,stage2,ml,10,5.91912009034838,3137.541215651512,0.34535106167137625
x86,512,8,stage2,ml,10,6.033917912840844,3721.7665828726294,0.40234164642822745
x86,512,9,stage2,ml,10,5.935844935311211,4363.166262195349,0.44527740782237046
x86,512,10,stage2,ml,10,6.080690476894379,4823.469974085808,0.5068255512491465
x86,512,12,stage2,ml,10,5.90810754497846,5932.662598175048,0.5909289166487456
x86,512,16,stage2,ml,9,5.871593723694484,8418.565656549401,0.7830357389918964
x86,512,20,stage2,ml,9,5.807324229346381,10990.20357208702,0.9680809490320418
x86,512,24,stage2,ml,10,5.812359029054642,13975.146650559902,1.162704300172091
x86,512,28,stage2,ml,10,5.8268744673047745,17083.966892421726,1.3598759631795883
x86,2048,4,stage3,video,12,7.4108441670735674e-06,1495.7081577746073,9.88310178120931e-07
x86,2048,5,stage3,video,12,6.854534149169922e-06,1819.8674590376515,1.142650842666626e-06
x86,2048,6,stage3,video,12,6.238619486490886e-06,2266.160497270226,1.2479734420776369e-06
x86,2048,7,stage3,video,12,6.8942705790201826e-06,2830.2593630638225,1.6089848677317304e-06
x86,2048,8,stage3,video,12,8.006890614827475e-06,3313.5342589608827,2.135597864786784e-06
x86,2048,9,stage3,video,12,7.033348083496094e-06,3608.9056851643327,2.110426425933838e-06
x86,2048,10,stage3,video,12,7.987022399902344e-06,4473.223379809161,2.6628732681274416e-06
x86,2048,12,stage3,video,12,1.0172526041666666e-05,4448.897558829189,4.06982421875e-06
x86,2048,16,stage3,video,12,7.867813110351562e-06,6750.694096928438,4.197006225585937e-06
x86,2048,20,stage3,video,12,9.258588155110678e-06,8175.566284443934,6.1736265818278005e-06
x86,2048,24,stage3,video,12,6.556510925292969e-06,8819.351258426905,5.246257781982422e-06
x86,2048,28,stage3,video,12,7.450580596923828e-06,10965.133687858186,6.955265998840333e-06
x86,512,4,stage1,video,7,15.969448787825447,2638.215002136912,0.5324214225861005
x86,512,5,stage1,video,7,12.893823160443986,2745.3079729509354,0.5373500802115031
x86,512,6,stage1,video,8,10.828349843621254,2952.2147396403557,0.541525775679499
x86,512,7,stage1,video,8,9.29911010180201,3160.3382986751194,0.5425565788896382
x86,512,8,stage1,video,8,8.201494563370943,3365.6627152246238,0.5468756574855745
x86,512,9,stage1,video,8,7.336528387334612,3556.8728122553234,0.5503496769759059
x86,512,10,stage1,video,7,6.612675632749285,3692.523047263282,0.551166513989653
x86,512,12,stage1,video,7,5.544069292999449,4037.841432081291,0.554517810685805
x86,512,16,stage1,video,8,4.22388076223433,4948.181724367141,0.5632967384515704
x86,512,20,stage1,video,8,3.4475102230906485,5567.751242547036,0.5746999541892112
x86,512,24,stage1,video,8,2.9263797874252,6498.800916692018,0.585393012676537
x86,512,28,stage1,video,8,2.551493382879666,7206.618778380156,0.5954675256964564
x86,2048,4,stage0,video,12,5.900859832763672e-06,1284.8608951622248,7.869386672973634e-07
x86,2048,5,stage0,video,12,6.179014841715495e-06,1710.2038352139293,1.0300417741139732e-06
x86,2048,6,stage0,video,12,5.880991617838542e-06,2054.2880664074423,1.176433563232422e-06
x86,2048,7,stage0,video,12,6.536642710367839e-06,2450.338282043288,1.5255216757456465e-06
x86,2048,8,stage0,video,12,6.397565205891927e-06,2780.5618291151522,1.7063585917154948e-06
x86,2048,9,stage0,video,12,6.318092346191406e-06,3083.366493193209,1.8958067893981937e-06
x86,2048,10,stage0,video,12,6.377696990966797e-06,3540.73497209549,2.1263241767883305e-06
x86,2048,12,stage0,video,12,6.059805552164714e-06,3764.357518516182,2.424407005310059e-06
x86,2048,16,stage0,video,12,6.4373016357421875e-06,5534.891762598355,3.433914184570313e-06
x86,2048,20,stage0,video,12,6.059805552164714e-06,6898.058191522956,4.0406783421834315e-06
x86,2048,24,stage0,video,12,6.4373016357421875e-06,7918.650386626721,5.15087127685547e-06
x86,2048,28,stage0,video,12,6.059805552164714e-06,9666.578676402172,5.656949679056805e-06
x86,2048,4,stage0,video,8,42.15748178958893,16903.84182498932,5.62212177145958
x86,2048,5,stage0,video,8,38.87210550904274,22919.39595683962,6.4799799883574245
x86,2048,6,stage0,video,8,40.645578026771545,25570.11640154958,8.13074142847538
x86,2048,7,stage0,video,8,44.01278659701347,29405.08334161073,10.271704136011007
x86,2048,8,stage0,video,8,41.030883967876434,35068.8516508007,10.943757371912003
x86,2048,9,stage0,video,8,41.165538519620895,39459.00019754827,12.352131488197447
x86,2048,10,stage0,video,8,40.40676525235176,43188.50403213203,13.47161553513408
x86,2048,12,stage0,video,9,38.81668236520555,54572.57912852286,15.529778280671438
x86,2048,16,stage0,video,8,38.86286959052086,73518.36692171097,20.73100915436745
x86,2048,20,stage0,video,8,36.360018610954285,95822.23006498217,24.244860409784316
x86,2048,24,stage0,video,8,36.64630380272865,118420.90305303811,29.32290645079136
x86,2048,28,stage0,video,8,41.628512024879456,127452.63153545381,38.86104854546547
x86,2048,4,stage2,ml,13,1.9190819080059345,1800.2636809402245,0.25592876325167147
x86,2048,5,stage2,ml,14,1.8861471108027867,2293.397126241752,0.3144207233708246
x86,2048,6,stage2,ml,13,1.8868216673533122,2726.7095064981168,0.37743980633735663
x86,2048,7,stage2,ml,14,1.8490820247299817,3179.7783771472323,0.4315387629314832
x86,2048,8,stage2,ml,15,1.8472521742184957,3674.024527863661,0.4926990999075572
x86,2048,9,stage2,ml,14,1.818738961976672,4231.928751267365,0.5457308129307202
x86,2048,10,stage2,ml,14,1.8238087943622043,4712.484939806972,0.608057852040359
x86,2048,12,stage2,ml,15,1.7888857536845737,5928.80338284858,0.7156974123341242
x86,2048,16,stage2,ml,15,1.7156648457050323,8367.714571466127,0.9152042552928925
x86,2048,20,stage2,ml,15,1.6767485944430034,11020.394002428531,1.1180559627745947
x86,2048,24,stage2,ml,13,1.6875710028868456,13934.50654605242,1.3503268136699385
x86,2048,28,stage2,ml,14,1.666737975514665,17138.455004693267,1.5559332349024504
ARM,2048,4,stage3,ml,19,1.1010069901312192,715.6922991031728,0.1174994659868037
ARM,2048,5,stage3,ml,19,1.0962008746054115,885.0254315340355,0.1462331966723619
ARM,2048,6,stage3,ml,17,1.1326084948450388,1076.3972025535465,0.18130796785479378
ARM,2048,7,stage3,ml,22,1.1673718260962866,1250.3551048441846,0.2180183622417425
ARM,2048,8,stage3,ml,10,1.1438978848864287,1410.472935544701,0.24415356455015932
ARM,2048,9,stage3,ml,13,1.180811888821121,1592.8267021554984,0.2835365507437276
ARM,2048,10,stage3,ml,15,1.2949139851785865,1843.9203716798363,0.3454830512456469
ARM,2048,12,stage3,ml,16,1.2566378258754602,2161.8278623549727,0.4023251663322873
ARM,2048,16,stage3,ml,12,1.3609618725493142,2920.7583739923307,0.5809674041538513
ARM,2048,20,stage3,ml,24,1.3706697679946405,3854.1864509790184,0.7313893882019401
ARM,2048,24,stage3,ml,11,1.5661722934604478,4798.79882460654,1.002851442948594
ARM,2048,28,stage3,ml,10,1.540043957749304,5741.894670721366,1.15047443819704
ARM,2048,4,stage1,video,11,4.162434339523315,1224.0946158073166,0.4442149927139282
ARM,2048,5,stage1,video,12,4.142820771535238,1571.7092760364217,0.5526522909228007
ARM,2048,6,stage1,video,10,3.0598387479782105,1509.2816493439673,0.489818986776352
ARM,2048,7,stage1,video,9,2.3847965929243298,1493.7441569182608,0.4453846116945478
ARM,2048,8,stage1,video,13,2.4264979660511017,1766.3825424946272,0.5179117258739472
ARM,2048,9,stage1,video,10,2.054611333211263,1790.1623753046988,0.49335327333068846
ARM,2048,10,stage1,video,9,2.0426853312386406,2020.8067765182918,0.5449884463744693
ARM,2048,12,stage1,video,9,1.4183694830647222,1941.245358075036,0.4541051736980014
ARM,2048,16,stage1,video,12,1.1534463117520015,2393.2010927756623,0.4923831615606944
ARM,2048,20,stage1,video,11,0.9456932533871044,2761.3737353173165,0.5046219200073588
ARM,2048,24,stage1,video,10,0.7343060155709584,2969.4274338221553,0.4701908278903961
ARM,2048,28,stage1,video,11,0.7245153320300115,3666.1139885252173,0.5412419336396997
x86,2048,4,stage1,video,12,9.08970832824707e-06,1713.076791606198,1.2122035026550294e-06
x86,2048,5,stage1,video,12,9.187062581380208e-06,2348.8887636383374,1.531483332316081e-06
x86,2048,6,stage1,video,12,8.834732903374566e-06,2762.7564914612967,1.7672999699910484e-06
x86,2048,7,stage1,video,12,1.0354178292410715e-05,3644.0702711507674,2.4164581298828126e-06
x86,2048,8,stage1,video,12,1.1672576268513998e-05,4365.132749492526,3.1133095423380534e-06
x86,2048,9,stage1,video,12,1.0737666377314815e-05,4786.551759366244,3.221944173177084e-06
x86,2048,10,stage1,video,12,1.0895729064941407e-05,5098.663856424292,3.632636070251465e-06
x86,2048,12,stage1,video,12,1.0960631900363498e-05,6299.88097028921,4.3851296106974285e-06
x86,2048,16,stage1,video,12,1.2560437122980753e-05,9165.035732327302,6.700239578882853e-06
x86,2048,20,stage1,video,12,1.0797381401062012e-05,10858.859549985926,7.19969391822815e-06
x86,2048,24,stage1,video,12,1.0776023070017496e-05,12803.748303071905,8.6225426197052e-06
x86,2048,28,stage1,video,12,1.0344244184948149e-05,14883.29649685969,9.656558831532797e-06
x86,512,4,stage,pi,10,42.04422751069069,27353.935582930324,1.4017545452064275
x86,512,5,stage,pi,10,32.84837191581726,26144.51129378503,1.3689558995916846
x86,512,6,stage,pi,10,28.023964953422546,29596.68354335857,1.4014784873206616
x86,512,7,stage,pi,10,23.231273211751667,27638.663434498907,1.3554286355396512
x86,512,8,stage,pi,10,20.888329508900643,30459.784243783954,1.392833811653495
x86,512,9,stage,pi,10,18.575043442514207,31236.547841366584,1.3934068838402036
x86,512,10,stage,pi,10,17.641019370555878,36797.668818510414,1.4703789645358325
x86,512,12,stage,pi,10,15.017554891109466,40194.683309393586,1.502055840208769
x86,512,16,stage,pi,10,10.799733284115792,40022.56871755677,1.4402524307696822
x86,512,20,stage,pi,10,8.922431876659394,45755.869951032226,1.487369393839121
x86,512,24,stage,pi,10,7.491845891873042,51045.33226331692,1.4986688522102836
x86,512,28,stage,pi,10,6.311929251466479,53702.23113983792,1.4730780487072468
ARM,2048,4,stage2,ml,19,1.5744276300978135,838.8727308474645,0.16802291668403863
ARM,2048,5,stage2,ml,19,1.569446083343317,1052.3340021960232,0.2093641075179985
ARM,2048,6,stage2,ml,17,1.5650083747674381,1253.214911929814,0.2505265406327715
ARM,2048,7,stage2,ml,22,1.5307747376438354,1475.140697567167,0.2858874900023627
ARM,2048,8,stage2,ml,10,1.5429834920460714,1692.8652626217936,0.32933439654231345
ARM,2048,9,stage2,ml,13,1.550397980891855,1952.0916753919892,0.3722815631717522
ARM,2048,10,stage2,ml,15,1.586303501635804,2197.04897773755,0.4232257742364325
ARM,2048,12,stage2,ml,16,1.5578076684241597,2718.672156777319,0.4987477031226789
ARM,2048,16,stage2,ml,12,1.5532906932688426,3815.8670407224813,0.6630687311426036
ARM,2048,20,stage2,ml,24,1.5488188231088422,5059.121505488535,0.8264497240108782
ARM,2048,24,stage2,ml,15,1.5457758691636405,6306.065504304239,0.9897912045428623
ARM,2048,28,stage2,ml,14,1.545444483425275,7830.190175515797,1.1545088468980176
ARM,2048,4,stage0,video,11,44.43289797956293,9951.45157500614,4.7418788723789564
ARM,2048,5,stage0,video,12,44.269605239232384,12409.840704356631,5.9055653389136005
ARM,2048,6,stage0,video,10,44.038060140609744,14819.107355825901,7.049612667308808
ARM,2048,7,stage0,video,9,44.252466943528916,17352.633614759972,8.26459072637346
ARM,2048,8,stage0,video,12,44.15165855487188,19852.933300828936,9.423730001951853
ARM,2048,9,stage0,video,10,44.27701089382172,22360.001227934357,10.631795855824471
ARM,2048,10,stage0,video,9,44.39075369305081,24914.68971643183,11.843453085305955
ARM,2048,12,stage0,video,9,44.38331474198235,29864.47209733327,14.209762047793069
ARM,2048,16,stage0,video,11,44.262342561375014,39692.345027715506,18.894708792599765
ARM,2048,20,stage0,video,11,44.065899328751996,49357.96083498001,23.513563881822062
ARM,2048,24,stage0,video,10,44.102517223358156,59300.0455014038,28.239723828460694
ARM,2048,28,stage0,video,11,44.37757487730546,69620.11092654141,33.15182353634227
x86,2048,4,stage1,video,8,4.934714272618294,2830.3206658175586,0.6580934953963757
x86,2048,5,stage1,video,8,3.9886596858501435,3090.462432846129,0.6649095696312189
x86,2048,6,stage1,video,8,3.2973251789808273,3276.8366241785884,0.6595969288033248
x86,2048,7,stage1,video,8,2.79450210077422,3435.0956695300342,0.6521809002786876
x86,2048,8,stage1,video,8,2.415702197700739,3682.070353161097,0.6443160901707411
x86,2048,9,stage1,video,8,2.140727698802948,3901.810355169475,0.6423467533028127
x86,2048,10,stage1,video,8,1.9298256903886795,4143.230012426972,0.6434038851755858
x86,2048,12,stage1,video,9,1.587578104601966,4538.416107722653,0.6351582480891547
x86,2048,16,stage1,video,8,1.1683729253709316,5281.902691504359,0.6232568533098698
x86,2048,20,stage1,video,8,0.9554621383547783,6068.554048165679,0.6371021538549662
x86,2048,24,stage1,video,8,0.8132965664068857,6917.6282060584435,0.6507673805761338
x86,2048,28,stage1,video,8,0.7412279769778252,8072.678386200071,0.6919511410683394
x86,2048,4,stage3,ml,13,1.1569258249722993,1457.209762676679,0.15428762801830587
x86,2048,5,stage3,ml,14,1.1932037557874406,1860.6939292413847,0.19890706608976635
x86,2048,6,stage3,ml,13,1.2271681382105901,2247.106611308318,0.24548271436764646
x86,2048,7,stage3,ml,14,1.248735785484314,2697.33846378088,0.2914299576163292
x86,2048,8,stage3,ml,15,1.2683885415395102,2904.5603415934243,0.3383045917994182
x86,2048,9,stage3,ml,14,1.2939564500536238,3307.813067405564,0.3882645724030904
x86,2048,10,stage3,ml,14,1.3676947525569372,3728.5498257262366,0.45598943050248286
x86,2048,12,stage3,ml,15,1.4155924320220947,4497.423918209076,0.5663502202033998
x86,2048,16,stage3,ml,15,1.5276694933573405,6398.837052520752,0.8149200145365397
x86,2048,20,stage3,ml,15,1.5861357212066651,8242.988599011103,1.0576352989006044
x86,2048,24,stage3,ml,13,1.7878477756793683,10568.140855953508,1.4305642761876034
x86,2048,28,stage3,ml,14,1.8294706514903478,12401.900869126319,1.7078474425792696
x86,512,4,stage1,ml,10,136.68310740590096,17305.753463007448,4.557014800912738
x86,512,5,stage1,ml,10,135.42053098678588,21464.109417619467,5.643650628874303
x86,512,6,stage1,ml,10,135.595048669974,25529.1724769907,6.7811083839854005
x86,512,7,stage1,ml,10,135.77184662818908,30032.836356461048,7.9216083915216915
x86,512,8,stage1,ml,10,136.5057336717844,34625.83119159626,9.102202321234586
x86,512,9,stage1,ml,10,135.23644688129426,38710.08608614492,10.144762062800291
x86,512,10,stage1,ml,10,141.96506855487823,44581.3284750402,11.832788464049102
x86,512,12,stage1,ml,10,140.30405039389927,53086.955690677874,14.033211120397807
x86,512,16,stage1,ml,9,136.56264005932542,69380.45240630335,18.21199367831164
x86,512,20,stage1,ml,9,138.55673517915938,87404.01200035731,23.09740775436587
x86,512,24,stage1,ml,10,138.26691400706767,104925.05674569344,27.658913477973815
x86,512,28,stage1,ml,10,137.65405089003698,123543.42590424824,32.12570239671683
ARM,2048,4,stage3,video,11,6.65518494085832,1862.8549125844781,0.7102413368883999
ARM,2048,5,stage3,video,12,10.085110108057657,3416.3122520645456,1.3453536884148913
ARM,2048,6,stage3,video,10,7.735098338127136,3254.666539006233,1.2382345419673917
ARM,2048,7,stage3,video,9,6.579316404130724,3259.083508033222,1.228753131635454
ARM,2048,8,stage3,video,12,10.733157674471537,5818.73924832344,2.2908851740392047
ARM,2048,9,stage3,video,10,7.777077412605285,4890.788172175884,1.8674318283147808
ARM,2048,10,stage3,video,9,9.481280432807075,6387.795681900448,2.5296056194729277
ARM,2048,12,stage3,video,9,6.6429482565985785,5610.687215391795,2.1268063138326005
ARM,2048,16,stage3,video,11,6.632139162583784,7456.12953862277,2.8311275657237656
ARM,2048,20,stage3,video,11,7.814025618813255,10773.398763808338,4.169564070198753
ARM,2048,24,stage3,video,10,6.549991846084595,11144.796890802383,4.194090778884887
ARM,2048,28,stage3,video,11,7.174718791788274,13923.580427776682,5.3598019262175125
ARM,2048,4,stage1,ml,19,23.27487460931299,5776.486331714564,2.4838946183058823
ARM,2048,5,stage1,ml,19,23.140271363168367,7176.175150347118,3.08691219984666
ARM,2048,6,stage1,ml,17,23.080600093258308,8593.763118073184,3.6947424629287893
ARM,2048,7,stage1,ml,22,23.011682046983047,10019.161202026982,4.297661739094553
ARM,2048,8,stage1,ml,10,22.944780929728633,11379.294775718181,4.89733404164128
ARM,2048,9,stage1,ml,13,23.291882966924238,12979.486653622265,5.592846938017848
ARM,2048,10,stage1,ml,15,23.187839309490045,14384.052845132363,6.1865155277719435
ARM,2048,12,stage1,ml,16,23.19836679100997,17275.497096297782,7.427189111809751
ARM,2048,16,stage1,ml,12,23.198637823859315,23027.297659669428,9.903034514249063
ARM,2048,20,stage1,ml,24,23.130533712342476,28719.633779008305,12.342452788905945
ARM,2048,24,stage1,ml,15,23.021232233837278,34254.24075302707,14.740955423970686
ARM,2048,28,stage1,ml,14,23.013541411224587,40243.88968629482,17.192035975841215
x86,512,4,stage2,video,7,0.8255990317889622,845.5954700405257,0.027525471719844
x86,512,5,stage2,video,7,0.6711009638650077,1003.7486302474567,0.0279681326690742
x86,512,6,stage2,video,8,0.5750685830911001,1167.709135824144,0.028759179840385916
x86,512,7,stage2,video,8,0.4856944169316973,1322.3480968132615,0.02833784075587988
x86,512,8,stage2,video,8,0.43926722183823586,1525.212725595832,0.029290338352173567
x86,512,9,stage2,video,8,0.39530450105667114,1697.5295639923215,0.029653767146766187
x86,512,10,stage2,video,7,0.35470730917794363,1838.6210780763627,0.0295648542199816
x86,512,12,stage2,video,7,0.29570028611591886,2160.432776811123,0.029575942617314208
x86,512,16,stage2,video,8,0.22787579894065857,2875.228824002743,0.03038951654672623
x86,512,20,stage2,video,8,0.1855767548084259,3511.2852560687065,0.0309356450265646
x86,512,24,stage2,video,8,0.16342437143127123,4270.813737793266,0.0326914112611115
x86,512,28,stage2,video,8,0.16111442553145544,4789.044922188222,0.03760088463053107
x86,2048,4,stage0,ml,13,1.87144424365117,1726.1164952241459,0.24957580433332002
x86,2048,5,stage0,ml,14,1.8726084572928292,2149.8508181887014,0.31216382983071467
x86,2048,6,stage0,ml,13,1.8632429929879994,2606.8780703698676,0.37272312831731946
x86,2048,7,stage0,ml,14,1.8697063071387154,2899.293199741841,0.43635205796003346
x86,2048,8,stage0,ml,15,1.9068850517272948,3415.155945344289,0.5086043809967041
x86,2048,9,stage0,ml,14,1.93107271194458,3875.902645229101,0.5794376779460908
x86,2048,10,stage0,ml,14,1.9698043721062797,4183.410343156542,0.6567327776602336
x86,2048,12,stage0,ml,15,1.984368880589803,5305.779210264206,0.7939063017463684
x86,2048,16,stage0,ml,15,2.0026532491048177,6879.359101219177,1.068295349202474
x86,2048,20,stage0,ml,15,2.0286333401997885,8821.227948039374,1.3526927112452192
x86,2048,24,stage0,ml,13,1.9763320225935717,10419.248599425096,1.5813818311984724
x86,2048,28,stage0,ml,14,1.919309343610491,12699.02154448986,1.7917136584472657
x86,2048,4,stage2,video,8,0.2713649272918701,848.7805037897825,0.0361892267036438
x86,2048,5,stage2,video,8,0.21215283274650573,1021.8992610353232,0.03536587721884251
x86,2048,6,stage2,video,8,0.18217887977759042,1197.184506353736,0.036443063110709197
x86,2048,7,stage2,video,8,0.15132598791803634,1362.5330467635392,0.03531645906031132
x86,2048,8,stage2,video,8,0.13708700612187386,1527.4709113061429,0.036563846272826196
x86,2048,9,stage2,video,8,0.11736600266562568,1743.4085218515993,0.03521684275984764
x86,2048,10,stage2,video,8,0.10451589822769165,1921.687793301046,0.0348456004691124
x86,2048,12,stage2,video,9,0.09877579962765728,2213.46172658258,0.03951822191503313
x86,2048,16,stage2,video,8,0.07286055386066437,2936.8386638930438,0.03886673385143281
x86,2048,20,stage2,video,8,0.052889035642147066,3622.5853646373753,0.03526640896618366
x86,2048,24,stage2,video,8,0.054785050451755524,4352.299654558301,0.04383680596947671
x86,2048,28,stage2,video,8,0.32424437573977877,4876.793161288798,0.30268860964059835
ARM,2048,4,stage,titanic,10,35.383913832902905,7710.498433890342,3.776171284247398
ARM,2048,5,stage,titanic,10,26.937582955360412,7514.089840366841,3.593473566245079
ARM,2048,6,stage,titanic,10,21.251877268155415,7282.524138940573,3.402000513086319
ARM,2048,7,stage,titanic,10,17.714179594176155,7243.656320102215,3.3083001810083386
ARM,2048,8,stage,titanic,10,14.990829822421073,7232.762228933572,3.1996427172975537
ARM,2048,9,stage,titanic,10,12.971110521422492,7222.052174077033,3.1146230584039687
ARM,2048,10,stage,titanic,10,11.508627123832703,7230.329214488267,3.070501716638565
ARM,2048,12,stage,titanic,10,9.207507177193959,7294.490052905083,2.9478754978504176
ARM,2048,16,stage,titanic,10,6.586391167342663,7672.475927221775,2.811598661515236
ARM,2048,20,stage,titanic,10,5.100331877470016,8092.794834200144,2.7215370898180007
ARM,2048,24,stage,titanic,10,4.124948923786481,8366.052063037157,2.641287294878959
ARM,2048,28,stage,titanic,10,3.5022487257208144,9150.660327293874,2.616319888062477
x86,512,4,stage3,video,11,5.180185491388494e-06,1274.0948140120504,1.727073842828924e-07
x86,512,5,stage3,video,11,5.353580821644176e-06,1960.0818236976863,2.2311048074202104e-07
x86,512,6,stage3,video,11,6.263906305486506e-06,2183.2743168318275,3.1325795433738014e-07
x86,512,7,stage3,video,11,5.5053017356178975e-06,2615.724362401962,3.212068297646262e-07
x86,512,8,stage3,video,11,5.9604644775390625e-06,2848.382278871536,3.974437713623047e-07
x86,512,9,stage3,video,11,6.133859807794744e-06,3160.2138176608087,4.601314934817227e-07
x86,512,10,stage3,video,11,5.310231989080256e-06,3757.3420696258545,4.426078362898394e-07
x86,512,12,stage3,video,11,5.288557572798296e-06,4520.028215868473,5.289615284312856e-07
x86,512,16,stage3,video,11,5.223534323952415e-06,5621.273426361085,6.966105374422942e-07
x86,512,20,stage3,video,11,5.74372031471946e-06,6753.070172333718,9.57478176463734e-07
x86,512,24,stage3,video,11,5.613673817027699e-06,8715.993398551942,1.122959310358221e-06
x86,512,28,stage3,video,11,5.808743563565341e-06,9684.423380806444,1.3556445728648792e-06
ARM,512,4,stage2,ml,16,5.513757682869424,628.012556089177,0.14710705497895624
ARM,512,5,stage2,ml,16,6.270236742584785,853.1464188572029,0.2091123953652026
ARM,512,6,stage2,ml,16,6.390496033759743,1059.4383026953687,0.2557476512710649
ARM,512,7,stage2,ml,16,6.431628262754131,1255.755277464224,0.30029272358799036
ARM,512,8,stage2,ml,16,6.60864242377126,1505.0793090838895,0.3526371597324345
ARM,512,9,stage2,ml,18,6.594087874803374,1707.5802051958278,0.3958430951244465
ARM,512,10,stage2,ml,16,6.894681254769134,1998.3334895860069,0.4598752396931012
ARM,512,12,stage2,ml,18,6.737236699655515,2482.1709259458676,0.5392484254404274
ARM,512,16,stage2,ml,16,5.638187673632513,3031.000490140241,0.6017073885300617
ARM,512,20,stage2,ml,20,5.883860090147685,4120.349342001225,0.7849069360257012
ARM,512,24,stage2,ml,16,5.604737455261248,4985.89655717313,0.8972063718382206
ARM,512,28,stage2,ml,16,5.618873208437336,6099.098715015247,1.0493807604077567
x86,2048,4,stage2,video,12,7.84297784169515e-06,1767.726971134891,1.0459395249684653e-06
x86,2048,5,stage2,video,12,3.78727912902832e-05,2368.6373280696575,6.31339430809021e-06
x86,2048,6,stage2,video,12,8.162524965074328e-06,2747.4794750139117,1.6328314940134688e-06
x86,2048,7,stage2,video,12,9.525389898390996e-06,3507.479783404072,2.2230354944864908e-06
x86,2048,8,stage2,video,12,1.043081283569336e-05,4413.58868716374,2.782106399536133e-06
x86,2048,9,stage2,video,12,9.812690593578197e-06,4700.794047086536,2.9443959395090735e-06
x86,2048,10,stage2,video,12,9.73343849182129e-06,5308.396263363064,3.245128393173218e-06
x86,2048,12,stage2,video,12,1.255174477895101e-05,6005.0205487267185,5.021702051162721e-06
x86,2048,16,stage2,video,12,1.1103848616282145e-05,9092.321055664223,5.923237005869548e-06
x86,2048,20,stage2,video,12,9.723504384358724e-06,10967.111429994702,6.483632723490398e-06
x86,2048,24,stage2,video,12,8.939868874020047e-06,12103.647805754941,7.153325478235882e-06
x86,2048,28,stage2,video,12,9.504812104361398e-06,15004.205277170042,8.872932195663452e-06
x86,1024,4,stage,pi,10,34.65891771316528,15954.853537642479,2.311056633113861
x86,1024,5,stage,pi,10,27.717474641799928,16616.72336362022,2.3102515113940245
x86,1024,6,stage,pi,10,23.249668574333192,18087.175387046456,2.325431850804806
x86,1024,7,stage,pi,10,19.868167757987976,18175.36264705604,2.318416495679617
x86,1024,8,stage,pi,10,17.538765636086463,19337.62411596298,2.3389697852284907
x86,1024,9,stage,pi,10,15.572355259789362,19599.03849414742,2.336320459626198
x86,1024,10,stage,pi,10,14.063536410331727,20548.07660380709,2.344391519602299
x86,1024,12,stage,pi,10,11.720418274402618,21736.1117682274,2.3445524716115
x86,1024,16,stage,pi,10,8.879236018657684,25373.595657494603,2.3682698308963777
x86,1024,20,stage,pi,10,7.118336967229843,27016.72039875633,2.3732535448744296
x86,1024,24,stage,pi,10,5.964898811777433,31552.955486169034,2.3864367166159157
x86,1024,28,stage,pi,10,5.110230190413339,34038.26644433862,2.38525104367733
ARM,512,4,stage1,video,8,17.397376634180546,1035.6467747047543,0.46416200859993695
ARM,512,5,stage1,video,7,14.199025515147618,1127.853580215999,0.473537500930173
ARM,512,6,stage1,video,7,10.345276815550667,1093.9454478093555,0.4140179781583377
ARM,512,7,stage1,video,8,8.890285449368614,1165.5514598801733,0.4150874276310206
ARM,512,8,stage1,video,8,7.803072363138199,1246.0175010994076,0.41637194129705424
ARM,512,9,stage1,video,8,6.896463404099147,1300.2794989436863,0.4139946981480717
ARM,512,10,stage1,video,8,6.208788302540779,1385.4334869280458,0.41412617977946997
ARM,512,12,stage1,video,8,5.264410605033238,1530.393102514744,0.4213634248268604
ARM,512,16,stage1,video,8,4.896793542429805,2142.9365936011077,0.5225858068481087
ARM,512,20,stage1,video,7,3.6876757059778487,2315.8828965834205,0.491935939177445
ARM,512,24,stage1,video,7,2.7402344828560237,2444.929764720372,0.43865673601559224
ARM,512,28,stage1,video,8,2.7107571299586977,2905.7091998741034,0.5062610015910863
x86,2048,4,stage,pi,10,34.66307668685913,15913.088257731319,4.622667906959534
x86,2048,5,stage,pi,10,27.781924033164977,16743.674514398994,4.6312467363286025
x86,2048,6,stage,pi,10,23.207554614543916,17825.95838035816,4.642439225093366
x86,2048,7,stage,pi,10,19.77189483983176,18013.47465108925,4.614364817719936
x86,2048,8,stage,pi,10,17.600869646668436,19432.01676992482,4.694503952159405
x86,2048,9,stage,pi,10,15.51596966849433,19389.906666312214,4.655721858728408
x86,2048,10,stage,pi,10,14.141999270915985,20991.949196053447,4.71494255692339
x86,2048,12,stage,pi,10,11.697204877932867,21564.14035499453,4.679817727563381
x86,2048,16,stage,pi,10,8.796257553994655,24131.85976930505,4.692275629602909
x86,2048,20,stage,pi,10,7.0971481120586395,26470.929400631365,4.732378361120701
x86,2048,24,stage,pi,10,6.007769153515498,32222.30834180164,4.807176565876961
x86,2048,28,stage,pi,10,5.12210499218532,34389.8063302567,4.78158745230484
x86,1024,4,stage2,ml,10,3.196087193489075,1749.5401741924288,0.21311509406185153
x86,1024,5,stage2,ml,10,3.161398296356201,2211.560127894879,0.26350254800128936
x86,1024,6,stage2,ml,10,3.186437920729319,2747.4372581009866,0.31870752083134657
x86,1024,7,stage2,ml,10,3.122504908697946,3224.09250031662,0.3643650977959633
x86,1024,8,stage2,ml,10,3.1509671926498415,3795.1119013278485,0.4202129848117829
x86,1024,9,stage2,ml,10,3.074681451585558,4317.95270706892,0.4612944581813813
x86,1024,10,stage2,ml,10,3.1356251788139344,4873.648977272511,0.5227087173082829
x86,1024,12,stage2,ml,10,3.046588438749313,5957.939684672117,0.6094395512874126
x86,1024,16,stage2,ml,10,2.9912141501903533,8461.276031841993,0.7978166381387711
x86,1024,20,stage2,ml,10,2.943069477081299,11261.65612701893,0.981219363658905
x86,1024,24,stage2,ml,10,3.000536620616913,14335.122117622137,1.2004546911764147
x86,1024,28,stage2,ml,10,2.9879913815430235,17406.76052036953,1.3946748572490217
x86,1024,4,stage0,video,10,74.09639563560486,16137.574201833726,4.940747660982132
x86,1024,5,stage0,video,9,74.68931868341234,21228.612340222466,6.225354712262419
x86,1024,6,stage0,video,9,73.72684285375807,26036.347765811282,7.374158822232884
x86,1024,7,stage0,video,9,74.84274045626323,30398.93065571017,8.733399383841357
x86,1024,8,stage0,video,10,73.07779877185821,34811.37840041161,9.745655244215012
x86,1024,9,stage0,video,11,73.94957845861262,38672.29536191225,11.094655256145654
x86,1024,10,stage0,video,12,73.44107528527577,42007.63494843443,12.242627250055472
x86,1024,12,stage0,video,11,72.06570725007491,52425.060735912324,14.416024078304986
x86,1024,16,stage0,video,12,73.29513563712437,68294.14958518346,19.549278577133816
x86,1024,20,stage0,video,13,72.96466972277715,86226.79030463513,24.326420885573903
x86,1024,24,stage0,video,12,73.79234093427658,99375.73075198174,29.522839760985377
x86,1024,28,stage0,video,14,73.51733492101941,118767.83454281808,34.314951247735024
ARM,512,12,stage,titanic,5,33.55135869582494,6589.936064243317,2.685450750013828
ARM,512,16,stage,titanic,5,23.72417632639408,6731.177224466801,2.531844097552776
ARM,512,20,stage,titanic,5,18.363620302677155,6914.317182917594,2.4497069483771328
ARM,512,24,stage,titanic,5,14.820417867104213,7481.365533385277,2.3724524921660426
ARM,512,28,stage,titanic,5,12.554001694066184,7291.37104609251,2.3445853563838
ARM,1024,4,stage1,video,8,8.67260517179966,1184.5648176178336,0.46277021196722984
ARM,1024,5,stage1,video,13,8.045232879198515,1450.8470640961941,0.5366170330425409
ARM,1024,6,stage1,video,12,5.585627377033234,1345.9499909977117,0.44707361525774
ARM,1024,7,stage1,video,12,4.434538046518962,1344.4145457367101,0.4140971627839406
ARM,1024,8,stage1,video,11,3.583903220566836,1354.3448932680217,0.38247415169889276
ARM,1024,9,stage1,video,11,3.7612433626194193,1616.3404125636273,0.45157487811608743
ARM,1024,10,stage1,video,13,3.9471064182428215,1927.927019751989,0.5265439961935924
ARM,1024,12,stage1,video,15,3.128476452827454,2019.7740972359975,0.5008065105686189
ARM,1024,16,stage1,video,14,2.1212609580584934,2235.706516535793,0.4527619388880048
ARM,1024,20,stage1,video,15,1.8152146776517233,2671.4337539569538,0.4842992759974798
ARM,1024,24,stage1,video,13,1.5059817249958332,2991.1220087931706,0.4821551090746659
ARM,1024,28,stage1,video,15,1.285734600680215,3414.4794719902675,0.4802475880460739
ARM,1024,4,stage3,ml,12,1.8048333195326978,605.5180640593751,0.09630590593026475
ARM,1024,5,stage3,ml,12,1.8354140467124995,771.446213119416,0.12242211691572373
ARM,1024,6,stage3,ml,12,1.8890193679709284,918.661888633784,0.1511971102123931
ARM,1024,7,stage3,ml,12,1.9608704319180907,1068.4673398416412,0.1831060809325113
ARM,1024,8,stage3,ml,24,2.0536012495198066,1333.3398954487125,0.21916032534875377
ARM,1024,9,stage3,ml,24,2.044967403300108,1484.4618283736563,0.245518786440211
ARM,1024,10,stage3,ml,24,2.206246519830555,1659.1618519111248,0.29431328574539606
ARM,1024,12,stage3,ml,12,2.177038545897752,2020.220113082603,0.34850033042731215
ARM,1024,16,stage3,ml,18,2.4173342082560016,2782.383651944418,0.515955813410161
ARM,1024,20,stage3,ml,20,2.8165365337995913,3960.351038452843,0.751451947217731
ARM,1024,24,stage3,ml,17,2.794236199972648,4604.597673207126,0.8946026617832429
ARM,1024,28,stage3,ml,20,2.8069901274443056,5628.422079221422,1.048466952402997
x86,1024,4,stage2,video,11,7.065859707919034e-06,1716.7354695659874,4.7115152532404125e-07
x86,1024,5,stage2,video,11,7.386641068892045e-06,2303.1398966759443,6.15676533092152e-07
x86,1024,6,stage2,video,11,7.423487576571378e-06,2789.01254590869,7.424972274086692e-07
x86,1024,7,stage2,video,11,8.403480827034293e-06,3323.9750482815502,9.806021777066317e-07
x86,1024,8,stage2,video,11,8.252533999356357e-06,3768.219315254688,1.100557934154164e-06
x86,1024,9,stage2,video,11,8.058066319937658e-06,4173.497353746891,1.2089516899802468e-06
x86,1024,10,stage2,video,11,7.66190615567294e-06,4438.761243789196,1.277239756150679e-06
x86,1024,12,stage2,video,11,8.498177383885238e-06,6070.483540642261,1.6999754038724031e-06
x86,1024,16,stage2,video,11,9.594993157820268e-06,8138.424441132545,2.559176575053822e-06
x86,1024,20,stage2,video,11,7.754022424871271e-06,9424.209087562562,2.5851910764520823e-06
x86,1024,24,stage2,video,11,7.953607674800988e-06,11640.514241950512,3.18207935853438e-06
x86,1024,28,stage2,video,11,8.751819660137226e-06,14064.986133185626,4.084999344565653e-06
ARM,512,4,stage3,ml,16,3.90792308527689,501.45273496103823,0.10426338791518741
ARM,512,5,stage3,ml,16,4.021372438874367,683.9371298584082,0.13411277083646012
ARM,512,6,stage3,ml,16,4.116115017614776,828.0393913453677,0.16472692300494332
ARM,512,7,stage3,ml,16,4.337741551875755,997.4637877672424,0.202529153057079
ARM,512,8,stage3,ml,16,4.327051896667032,1128.97070451959,0.23089148920615282
ARM,512,9,stage3,ml,18,4.522528209212869,1266.1166311256252,0.27148736839904847
ARM,512,10,stage3,ml,16,4.837994617250214,1446.557729399136,0.32269424097058924
ARM,512,12,stage3,ml,18,4.926812018006565,1772.0587026109847,0.39434203392124545
ARM,512,16,stage3,ml,16,4.616627676484479,2148.959491909718,0.4926865056344236
ARM,512,20,stage3,ml,20,5.110511788484234,3047.0190049478197,0.6817422725837968
ARM,512,24,stage3,ml,16,5.4536299044518985,3798.1844818328887,0.87301707510466
ARM,512,28,stage3,ml,16,5.490081299742169,4419.48948878601,1.0253275835398472
x86,512,4,stage2,video,11,5.9387900612571025e-06,1548.5427324211596,1.9799926064231182e-07
x86,512,5,stage2,video,11,6.628036499023438e-06,2096.0293631964923,2.762234210968018e-07
x86,512,6,stage2,video,11,6.4373016357421875e-06,2640.39668803215,3.2192945480346687e-07
x86,512,7,stage2,video,11,7.372397881049614e-06,3237.261937069297,4.301425543698398e-07
x86,512,8,stage2,video,11,8.07101076299494e-06,3805.7703019297123,5.381749976765027e-07
x86,512,9,stage2,video,11,7.771482371320629e-06,4404.184061997534,5.829777500846169e-07
x86,512,10,stage2,video,11,7.495013150301847e-06,4617.111459479928,6.24709346077659e-07
x86,512,12,stage2,video,11,7.57882089325876e-06,5547.420522157549,7.580336657437412e-07
x86,512,16,stage2,video,11,7.259574803439054e-06,7120.498087143898,9.681368957866323e-07
x86,512,20,stage2,video,11,7.301027124578302e-06,9117.026096317766,1.217081221667203e-06
x86,512,24,stage2,video,11,8.187510750510476e-06,11382.492127259375,1.6378296505321158e-06
x86,512,28,stage2,video,11,7.96999250139509e-06,13619.759358520509,1.8600368499755862e-06
x86,1024,4,stage1,video,11,7.510185241699219e-06,1629.5377925318478,5.00779151916504e-07
x86,1024,5,stage1,video,11,7.755106145685368e-06,2144.3923251473907,6.463880972428756e-07
x86,1024,6,stage1,video,11,7.708867390950521e-06,2410.1579481852054,7.710409164428712e-07
x86,1024,7,stage1,video,11,8.471600421063312e-06,3291.653898321986,9.88551053133878e-07
x86,1024,8,stage1,video,11,8.56139443137429e-06,3673.6881770229334,1.1417475613680753e-06
x86,1024,9,stage1,video,11,8.400040443497475e-06,4001.932850806117,1.2602580677379263e-06
x86,1024,10,stage1,video,11,9.80333848433061e-06,4960.9968748581405,1.6342165253379129e-06
x86,1024,12,stage1,video,11,8.53430141102184e-06,5637.319396404624,1.7072016542608089e-06
x86,1024,16,stage1,video,11,8.447603745893998e-06,7681.718978759645,2.2531448711048473e-06
x86,1024,20,stage1,video,11,8.192929354580967e-06,9386.929042875765,2.7315226468172947e-06
x86,1024,24,stage1,video,11,8.62280527750651e-06,11352.448587354422,3.449811935424805e-06
x86,1024,28,stage1,video,11,8.799813010475852e-06,13273.268716591596,4.107400720769709e-06
ARM,512,4,stage0,video,8,177.8520145714283,7814.444084835052,4.745091748765707
ARM,512,5,stage0,video,7,177.73809695243835,9724.517696499826,5.927565533363818
ARM,512,6,stage0,video,7,177.63486187798637,11654.407750531605,7.108947172357014
ARM,512,7,stage0,video,8,177.14331576228142,13521.56930746585,8.270821412940919
ARM,512,8,stage0,video,8,176.49733811616898,15355.427369940282,9.417897961878776
ARM,512,9,stage0,video,8,175.57168212532997,17181.596349947155,10.539568077983558
ARM,512,10,stage0,video,8,176.05184262990952,19174.38778345287,11.742657903414964
ARM,512,12,stage0,video,8,175.6141802072525,23040.977321773764,14.056158983788489
ARM,512,16,stage0,video,8,175.97379285097122,30643.475109386447,18.779923173055646
ARM,512,20,stage0,video,7,176.17668649128504,38413.23913839885,23.501969977937424
ARM,512,24,stage0,video,7,177.2977088860103,46232.99696367808,28.38181723847253
ARM,512,28,stage0,video,8,177.29217767715454,54396.64131505489,33.11108710298538
x86,512,4,stage0,ml,10,5.87536461353302,1647.5142623023987,0.1958846562151909
x86,512,5,stage0,ml,10,5.9631335735321045,2131.759064292908,0.2485135916769505
x86,512,6,stage0,ml,10,5.917070603370666,2469.2590302114486,0.295912700874567
x86,512,7,stage0,ml,10,5.895919895172119,2823.571984554291,0.3439974462838173
x86,512,8,stage0,ml,10,6.044704580307007,3461.4668010406494,0.4030609014148712
x86,512,9,stage0,ml,10,6.08275785446167,3851.0633334968093,0.45629808045244225
x86,512,10,stage0,ml,10,6.061337089538574,4537.761888473034,0.5052124464130402
x86,512,12,stage0,ml,10,6.042692828178406,4932.420911839486,0.6043901366744041
x86,512,16,stage0,ml,9,6.21380795372857,6737.482017139859,0.8286734287092422
x86,512,20,stage0,ml,9,6.047514888975355,8473.635812309054,1.0081207319921919
x86,512,24,stage0,ml,10,6.2037054061889645,9791.753565576555,1.2409892294540406
x86,512,28,stage0,ml,10,6.116489148139953,11515.940130903244,1.4274662373929023
x86,1024,4,stage3,video,10,17.89299294948578,5235.511009320259,1.1931047698717119
x86,1024,5,stage3,video,9,14.487363603379992,5199.034608438279,1.2075217563417227
x86,1024,6,stage3,video,9,14.267266247007582,6404.565167376201,1.4270119700256985
x86,1024,7,stage3,video,9,14.295901086595324,7776.421260697048,1.6681886977948084
x86,1024,8,stage3,video,10,14.148647022247314,8751.230381385803,1.8868635668869018
x86,1024,9,stage3,video,11,14.311434377323497,10136.594710507392,2.1471444996298445
x86,1024,10,stage3,video,12,14.655113716920217,11262.115818236272,2.4430074566106006
x86,1024,12,stage3,video,11,14.156241070140492,13273.92290677071,2.831814463670904
x86,1024,16,stage3,video,12,14.222484310468039,18234.92473264694,3.7934210152880357
x86,1024,20,stage3,video,13,13.18679875593919,20466.144937672983,4.396478705230127
x86,1024,24,stage3,video,12,14.347001751263937,26685.652427239416,5.739948460645676
x86,1024,28,stage3,video,14,14.223445790154594,30002.071211791037,6.638935557012559
x86,1024,4,stage1,ml,10,74.65728825330734,18262.096614391805,4.978147980730534
x86,1024,5,stage1,ml,10,72.54108755588531,22192.523914947033,6.046299647783042
x86,1024,6,stage1,ml,10,72.14227411746978,26430.68233447623,7.215670257229329
x86,1024,7,stage1,ml,10,71.94709138529642,30962.726935296534,8.39550609375024
x86,1024,8,stage1,ml,10,70.72160019576549,34897.66558682608,9.431432602107286
x86,1024,9,stage1,ml,10,69.80425701406267,38772.87214980531,10.472732679819822
x86,1024,10,stage1,ml,10,68.87360803842544,42185.868848557715,11.481230460005523
x86,1024,12,stage1,ml,10,67.875725766023,50136.44114113522,13.577860182235241
x86,1024,16,stage1,ml,10,66.87264894992113,66930.45089466094,17.836272927922966
x86,1024,20,stage1,ml,10,65.37492042183877,82331.30300545598,21.79599846864104
x86,1024,24,stage1,ml,10,63.92831626137097,96902.8640918486,25.576440769849302
x86,1024,28,stage1,ml,10,63.32852177109037,112375.11330491853,29.559220821874145
ARM,1024,4,stage0,ml,12,2.6369323871954626,697.8049535130791,0.14070671218074987
ARM,1024,5,stage0,ml,12,2.67132530027494,910.6752235709057,0.1781773975283385
ARM,1024,6,stage0,ml,12,2.7530788959251407,1107.2941423886336,0.22035643482984824
ARM,1024,7,stage0,ml,12,2.8184053158939992,1370.181406715921,0.26318268839818165
ARM,1024,8,stage0,ml,24,2.8026375440464815,1548.7881409303006,0.2990974787006405
ARM,1024,9,stage0,ml,24,2.8195850382235936,1720.2662902852617,0.3385193796891246
ARM,1024,10,stage0,ml,24,2.876938879394348,1952.1741709099224,0.383783646511206
ARM,1024,12,stage0,ml,12,2.763871446206649,2297.836054104346,0.44244054110876035
ARM,1024,16,stage0,ml,18,2.7740448401823783,3123.54864750523,0.5920921306885267
ARM,1024,20,stage0,ml,20,2.6697833923986374,3690.4052955797965,0.7122982090919564
ARM,1024,24,stage0,ml,17,2.9028345646849263,4577.080990730491,0.9293715142295259
ARM,1024,28,stage0,ml,20,2.706130128604072,5269.06934887296,1.010793725636193
x86,512,4,stage3,video,7,27.224598237446376,4548.372988888877,0.9076681052364622
x86,512,5,stage3,video,7,26.466354199818202,5290.370653385776,1.1029853112774237
x86,512,6,stage3,video,8,27.021026223897934,6725.114992659687,1.351321521457136
x86,512,7,stage3,video,8,27.58703225851059,7579.039154578447,1.6095653971228003
x86,512,8,stage3,video,8,27.577248692512512,8870.985290524959,1.8388509428167343
x86,512,9,stage3,video,8,27.945023596286774,9734.030991345047,2.0962959450754526
x86,512,10,stage3,video,7,27.720806530543737,11039.790656256675,2.3105292243208204
x86,512,12,stage3,video,7,27.746607984815324,12948.232455413003,2.7752157306412286
x86,512,16,stage3,video,8,27.546823799610138,17200.490186719893,3.6736444219160083
x86,512,20,stage3,video,8,27.684079110622406,23189.619576871395,4.614935987740755
x86,512,24,stage3,video,8,27.39267858862877,27266.660664911265,5.479631424869299
x86,512,28,stage3,video,8,27.455766022205353,32111.469589842556,6.407626674262286
ARM,1024,4,stage2,video,8,0.7574670389294624,467.64532170891766,0.04041844119727611
ARM,1024,5,stage2,video,13,0.7676035037407508,636.9557384151678,0.051199153699508074
ARM,1024,6,stage2,video,12,0.5293475356366899,656.9782803575197,0.042368976752360656
ARM,1024,7,stage2,video,12,0.39015809127262663,672.9119406918685,0.036432962563037866
ARM,1024,8,stage2,video,11,0.31109871647574683,731.008940841935,0.0332004550222917
ARM,1024,9,stage2,video,11,0.37874853008925313,965.4459151842377,0.045472548522515734
ARM,1024,10,stage2,video,13,0.43619235295515796,1226.5032483421842,0.05818805988421807
ARM,1024,12,stage2,video,15,0.31459864377975466,1279.6440151643756,0.05036095089626312
ARM,1024,16,stage2,video,14,0.18856694442885263,1501.7583616835732,0.04024772861889431
ARM,1024,20,stage2,video,15,0.1687876009941101,1919.1274186491967,0.04503253194522858
ARM,1024,24,stage2,video,13,0.1329137010452075,2194.051672753004,0.04255365052663363
ARM,1024,28,stage2,video,15,0.12442062184924171,2510.5082793442407,0.04647359067312876
x86,1024,4,stage,titanic,10,75.41346688270569,19004.888645846844,5.028569971738817
x86,1024,5,stage,titanic,10,56.78661029815674,18066.024360686064,4.733163968351364
x86,1024,6,stage,titanic,10,44.174917276700334,17317.757706238033,4.418375226015568
x86,1024,7,stage,titanic,10,36.22682419845036,17009.34552093482,4.227308115717173
x86,1024,8,stage,titanic,10,30.609172150492668,16911.338152301312,4.082039197989703
x86,1024,9,stage,titanic,10,26.417459739579094,16815.115864598512,3.9634114847290522
x86,1024,10,stage,titanic,10,23.36664589881897,16759.09049396086,3.8952198713331225
x86,1024,12,stage,titanic,10,18.295764644940693,16469.99208966422,3.6598847595739366
x86,1024,16,stage,titanic,10,13.014479713141919,17157.76159732485,3.471222029089213
x86,1024,20,stage,titanic,10,10.026349239349365,17826.007187077284,3.3427848363990784
x86,1024,24,stage,titanic,10,7.94843470354875,18087.019540902136,3.1800097561957843
x86,1024,28,stage,titanic,11,6.756191485887998,19826.008786785605,3.153519937953082
